{
  "Content": {
    "content_id": "2b85ff51-a221-488f-bbcb-2c31e45c8fa0",
    "content_type": 1,
    "report_type": 0,
    "content_attribute": null,
    "name": "Demo Proj",
    "description": null,
    "text_content": null,
    "bit_content": null,
    "deleted_flag": 0,
    "created_date": "2021-07-29T13:31:54",
    "created_by": "user",
    "modified_date": "2021-08-04T08:22:52",
    "modified_by": "user",
    "owner_id": "",
    "exports_allowed": 0,
    "inherit_flag": 1,
    "default_party_type_id": 1,
    "default_access_flags": 1885,
    "extended_attributes": null,
    "default_export_type": 8,
    "report_tree_shortcut_action": 1,
    "use_cache_execution": 0,
    "is_cache_valid": null,
    "associated_reports": null
  },
  "Access": [
    {
      "content_id": "2b85ff51-a221-488f-bbcb-2c31e45c8fa0",
      "parent_id": "00000000-0000-0000-0000-000000000000",
      "party_type_id": 1,
      "party_id": null,
      "sort_order": 0,
      "access_flags": 1885,
      "child_inherits": 0,
      "parentname": null,
      "contentname": "Demo Proj"
    }
  ]
}