{
  "Content": {
    "content_id": "6159003a-a8d8-4ed9-87e8-d256fdff8ecb",
    "content_type": 0,
    "report_type": 2,
    "content_attribute": null,
    "name": "Dashbrd-v1",
    "description": null,
    "text_content": "<?xml version=\"1.0\"?>\n<DashboardReport xmlns:xsd=\"http://www.w3.org/2001/XMLSchema\" xmlns:xsi=\"http://www.w3.org/2001/XMLSchema-instance\">\n  <FolderId>00000000-0000-0000-0000-000000000000</FolderId>\n  <ParameterPrompts />\n  <FilterPrompts />\n  <Version>1</Version>\n  <Layout>\n    <EmptyItems />\n    <TextItems />\n    <AdvancedReportItems>\n      <DashboardAdvancedReportItem>\n        <Id>832974705</Id>\n        <Bounds>\n          <height>0.35483870967741937</height>\n          <width>0.57608695652173914</width>\n          <top>0.01612617924528302</top>\n          <left>0.010869565217391309</left>\n        </Bounds>\n        <Format>\n          <Title />\n          <ShowTitleOnOutput>false</ShowTitleOnOutput>\n          <TileFit>All</TileFit>\n          <TitleFont>Palatino Linotype</TitleFont>\n          <TitleFontSize>14</TitleFontSize>\n          <TitleFontColor>#545454</TitleFontColor>\n          <TitleFontWeight>Normal</TitleFontWeight>\n          <TitleHorizontalAlign>Center</TitleHorizontalAlign>\n          <TitleUnderline>None</TitleUnderline>\n          <HasTileBackground>true</HasTileBackground>\n          <TileBackgroundColor>#FFFFFF</TileBackgroundColor>\n          <TileBackgroundOpacity>100</TileBackgroundOpacity>\n          <HasTileTitleBackground>true</HasTileTitleBackground>\n          <TileTitleBackgroundColor>#FFFFFF</TileTitleBackgroundColor>\n          <TileTitleBackgroundOpacity>100</TileTitleBackgroundOpacity>\n          <Borders>\n            <ShowBorders>true</ShowBorders>\n            <UniformBorders>true</UniformBorders>\n            <UniformBorderColor>#d7d7d7</UniformBorderColor>\n            <UniformBorderWeight>2</UniformBorderWeight>\n            <TopBorderColor>#d7d7d7</TopBorderColor>\n            <TopBorderWeight>2</TopBorderWeight>\n            <BottomBorderColor>#d7d7d7</BottomBorderColor>\n            <BottomBorderWeight>2</BottomBorderWeight>\n            <LeftBorderColor>#d7d7d7</LeftBorderColor>\n            <LeftBorderWeight>2</LeftBorderWeight>\n            <RightBorderColor>#d7d7d7</RightBorderColor>\n            <RightBorderWeight>2</RightBorderWeight>\n            <BorderRadius>3</BorderRadius>\n          </Borders>\n          <HasTileShadow>true</HasTileShadow>\n          <MinimumColumnWidth>100</MinimumColumnWidth>\n        </Format>\n        <AllowAlign>false</AllowAlign>\n        <IsAnchor>false</IsAnchor>\n        <IsAnchorable>false</IsAnchorable>\n        <AllowElementInteraction>false</AllowElementInteraction>\n        <Report>Demo Proj\\General</Report>\n        <ReportId>e5f555ac-793f-4253-81ee-2f691eba1960</ReportId>\n        <TitleText />\n        <AllowSearching>false</AllowSearching>\n        <AllowScrolling>true</AllowScrolling>\n        <DesignSuppressExecution>false</DesignSuppressExecution>\n        <AutoSizeExecution>true</AutoSizeExecution>\n        <ReloadInterval>0</ReloadInterval>\n        <FilterValues />\n        <ParameterValues />\n        <FilterPrompts />\n        <ParameterPrompts />\n      </DashboardAdvancedReportItem>\n      <DashboardAdvancedReportItem>\n        <Id>1402115767</Id>\n        <Bounds>\n          <height>0.25806451612903225</height>\n          <width>0.29347826086956524</width>\n          <top>0.38709677419354843</top>\n          <left>0.010869565217391304</left>\n        </Bounds>\n        <Format>\n          <Title>Subscribers by Type</Title>\n          <ShowTitleOnOutput>false</ShowTitleOnOutput>\n          <TileFit>All</TileFit>\n          <TitleFont>Verdana</TitleFont>\n          <TitleFontSize>14</TitleFontSize>\n          <TitleFontColor>#2E2E2E</TitleFontColor>\n          <TitleFontWeight>Bold</TitleFontWeight>\n          <TitleHorizontalAlign>Center</TitleHorizontalAlign>\n          <TitleUnderline>None</TitleUnderline>\n          <HasTileBackground>true</HasTileBackground>\n          <TileBackgroundColor>#FFFFFF</TileBackgroundColor>\n          <TileBackgroundOpacity>100</TileBackgroundOpacity>\n          <HasTileTitleBackground>true</HasTileTitleBackground>\n          <TileTitleBackgroundColor>#FFFFFF</TileTitleBackgroundColor>\n          <TileTitleBackgroundOpacity>100</TileTitleBackgroundOpacity>\n          <Borders>\n            <ShowBorders>true</ShowBorders>\n            <UniformBorders>true</UniformBorders>\n            <UniformBorderColor>#d7d7d7</UniformBorderColor>\n            <UniformBorderWeight>2</UniformBorderWeight>\n            <TopBorderColor>#d7d7d7</TopBorderColor>\n            <TopBorderWeight>2</TopBorderWeight>\n            <BottomBorderColor>#d7d7d7</BottomBorderColor>\n            <BottomBorderWeight>2</BottomBorderWeight>\n            <LeftBorderColor>#d7d7d7</LeftBorderColor>\n            <LeftBorderWeight>2</LeftBorderWeight>\n            <RightBorderColor>#d7d7d7</RightBorderColor>\n            <RightBorderWeight>2</RightBorderWeight>\n            <BorderRadius>3</BorderRadius>\n          </Borders>\n          <HasTileShadow>true</HasTileShadow>\n          <MinimumColumnWidth>100</MinimumColumnWidth>\n        </Format>\n        <AllowAlign>false</AllowAlign>\n        <IsAnchor>false</IsAnchor>\n        <IsAnchorable>false</IsAnchorable>\n        <AllowElementInteraction>false</AllowElementInteraction>\n        <Report>Demo Proj\\Subsc Chart</Report>\n        <ReportId>61deb1e6-c26d-4410-8741-1c1b225f617d</ReportId>\n        <TitleText />\n        <AllowSearching>false</AllowSearching>\n        <AllowScrolling>false</AllowScrolling>\n        <DesignSuppressExecution>false</DesignSuppressExecution>\n        <AutoSizeExecution>true</AutoSizeExecution>\n        <ReloadInterval>0</ReloadInterval>\n        <FilterValues />\n        <ParameterValues />\n        <FilterPrompts />\n        <ParameterPrompts />\n      </DashboardAdvancedReportItem>\n      <DashboardAdvancedReportItem>\n        <Id>266199707</Id>\n        <Bounds>\n          <height>0.17741935483870969</height>\n          <width>0.16304347826086957</width>\n          <top>0.016129032258064516</top>\n          <left>0.59782608695652173</left>\n        </Bounds>\n        <Format>\n          <Title />\n          <ShowTitleOnOutput>false</ShowTitleOnOutput>\n          <TileFit>All</TileFit>\n          <TitleFont>Palatino Linotype</TitleFont>\n          <TitleFontSize>14</TitleFontSize>\n          <TitleFontColor>#545454</TitleFontColor>\n          <TitleFontWeight>Normal</TitleFontWeight>\n          <TitleHorizontalAlign>Center</TitleHorizontalAlign>\n          <TitleUnderline>None</TitleUnderline>\n          <HasTileBackground>true</HasTileBackground>\n          <TileBackgroundColor>#FFFFFF</TileBackgroundColor>\n          <TileBackgroundOpacity>100</TileBackgroundOpacity>\n          <HasTileTitleBackground>true</HasTileTitleBackground>\n          <TileTitleBackgroundColor>#FFFFFF</TileTitleBackgroundColor>\n          <TileTitleBackgroundOpacity>100</TileTitleBackgroundOpacity>\n          <Borders>\n            <ShowBorders>true</ShowBorders>\n            <UniformBorders>true</UniformBorders>\n            <UniformBorderColor>#d7d7d7</UniformBorderColor>\n            <UniformBorderWeight>2</UniformBorderWeight>\n            <TopBorderColor>#d7d7d7</TopBorderColor>\n            <TopBorderWeight>2</TopBorderWeight>\n            <BottomBorderColor>#d7d7d7</BottomBorderColor>\n            <BottomBorderWeight>2</BottomBorderWeight>\n            <LeftBorderColor>#d7d7d7</LeftBorderColor>\n            <LeftBorderWeight>2</LeftBorderWeight>\n            <RightBorderColor>#d7d7d7</RightBorderColor>\n            <RightBorderWeight>2</RightBorderWeight>\n            <BorderRadius>3</BorderRadius>\n          </Borders>\n          <HasTileShadow>true</HasTileShadow>\n          <MinimumColumnWidth>100</MinimumColumnWidth>\n        </Format>\n        <AllowAlign>false</AllowAlign>\n        <IsAnchor>false</IsAnchor>\n        <IsAnchorable>false</IsAnchorable>\n        <AllowElementInteraction>false</AllowElementInteraction>\n        <Report>Demo Proj\\CasesKPI</Report>\n        <ReportId>a60774e9-019a-4273-a394-ff4481cecd83</ReportId>\n        <TitleText />\n        <AllowSearching>false</AllowSearching>\n        <AllowScrolling>true</AllowScrolling>\n        <DesignSuppressExecution>false</DesignSuppressExecution>\n        <AutoSizeExecution>true</AutoSizeExecution>\n        <ReloadInterval>0</ReloadInterval>\n        <FilterValues />\n        <ParameterValues />\n        <FilterPrompts />\n        <ParameterPrompts />\n      </DashboardAdvancedReportItem>\n      <DashboardAdvancedReportItem>\n        <Id>328110134</Id>\n        <Bounds>\n          <height>0.16129032258064516</height>\n          <width>0.16304347826086957</width>\n          <top>0.20967741935483872</top>\n          <left>0.59782608695652173</left>\n        </Bounds>\n        <Format>\n          <Title />\n          <ShowTitleOnOutput>false</ShowTitleOnOutput>\n          <TileFit>All</TileFit>\n          <TitleFont>Palatino Linotype</TitleFont>\n          <TitleFontSize>14</TitleFontSize>\n          <TitleFontColor>#545454</TitleFontColor>\n          <TitleFontWeight>Normal</TitleFontWeight>\n          <TitleHorizontalAlign>Center</TitleHorizontalAlign>\n          <TitleUnderline>None</TitleUnderline>\n          <HasTileBackground>true</HasTileBackground>\n          <TileBackgroundColor>#FFFFFF</TileBackgroundColor>\n          <TileBackgroundOpacity>100</TileBackgroundOpacity>\n          <HasTileTitleBackground>true</HasTileTitleBackground>\n          <TileTitleBackgroundColor>#FFFFFF</TileTitleBackgroundColor>\n          <TileTitleBackgroundOpacity>100</TileTitleBackgroundOpacity>\n          <Borders>\n            <ShowBorders>true</ShowBorders>\n            <UniformBorders>true</UniformBorders>\n            <UniformBorderColor>#d7d7d7</UniformBorderColor>\n            <UniformBorderWeight>2</UniformBorderWeight>\n            <TopBorderColor>#d7d7d7</TopBorderColor>\n            <TopBorderWeight>2</TopBorderWeight>\n            <BottomBorderColor>#d7d7d7</BottomBorderColor>\n            <BottomBorderWeight>2</BottomBorderWeight>\n            <LeftBorderColor>#d7d7d7</LeftBorderColor>\n            <LeftBorderWeight>2</LeftBorderWeight>\n            <RightBorderColor>#d7d7d7</RightBorderColor>\n            <RightBorderWeight>2</RightBorderWeight>\n            <BorderRadius>3</BorderRadius>\n          </Borders>\n          <HasTileShadow>true</HasTileShadow>\n          <MinimumColumnWidth>100</MinimumColumnWidth>\n        </Format>\n        <AllowAlign>false</AllowAlign>\n        <IsAnchor>false</IsAnchor>\n        <IsAnchorable>false</IsAnchorable>\n        <AllowElementInteraction>false</AllowElementInteraction>\n        <Report>Demo Proj\\InvKPI</Report>\n        <ReportId>138b3ced-9257-4423-bd3b-481bcb12a63c</ReportId>\n        <TitleText />\n        <AllowSearching>false</AllowSearching>\n        <AllowScrolling>true</AllowScrolling>\n        <DesignSuppressExecution>false</DesignSuppressExecution>\n        <AutoSizeExecution>true</AutoSizeExecution>\n        <ReloadInterval>0</ReloadInterval>\n        <FilterValues />\n        <ParameterValues />\n        <FilterPrompts />\n        <ParameterPrompts />\n      </DashboardAdvancedReportItem>\n      <DashboardAdvancedReportItem>\n        <Id>598907001</Id>\n        <Bounds>\n          <height>0.25806451612903225</height>\n          <width>0.27173913043478259</width>\n          <top>0.38709677419354843</top>\n          <left>0.31521739130434784</left>\n        </Bounds>\n        <Format>\n          <Title>Subscribers by Type</Title>\n          <ShowTitleOnOutput>false</ShowTitleOnOutput>\n          <TileFit>All</TileFit>\n          <TitleFont>Palatino Linotype</TitleFont>\n          <TitleFontSize>14</TitleFontSize>\n          <TitleFontColor>#3366CC</TitleFontColor>\n          <TitleFontWeight>Bold</TitleFontWeight>\n          <TitleHorizontalAlign>Center</TitleHorizontalAlign>\n          <TitleUnderline>None</TitleUnderline>\n          <HasTileBackground>true</HasTileBackground>\n          <TileBackgroundColor>#FFFFFF</TileBackgroundColor>\n          <TileBackgroundOpacity>100</TileBackgroundOpacity>\n          <HasTileTitleBackground>true</HasTileTitleBackground>\n          <TileTitleBackgroundColor>#FFFFFF</TileTitleBackgroundColor>\n          <TileTitleBackgroundOpacity>100</TileTitleBackgroundOpacity>\n          <Borders>\n            <ShowBorders>true</ShowBorders>\n            <UniformBorders>true</UniformBorders>\n            <UniformBorderColor>#d7d7d7</UniformBorderColor>\n            <UniformBorderWeight>2</UniformBorderWeight>\n            <TopBorderColor>#d7d7d7</TopBorderColor>\n            <TopBorderWeight>2</TopBorderWeight>\n            <BottomBorderColor>#d7d7d7</BottomBorderColor>\n            <BottomBorderWeight>2</BottomBorderWeight>\n            <LeftBorderColor>#d7d7d7</LeftBorderColor>\n            <LeftBorderWeight>2</LeftBorderWeight>\n            <RightBorderColor>#d7d7d7</RightBorderColor>\n            <RightBorderWeight>2</RightBorderWeight>\n            <BorderRadius>3</BorderRadius>\n          </Borders>\n          <HasTileShadow>true</HasTileShadow>\n          <MinimumColumnWidth>100</MinimumColumnWidth>\n        </Format>\n        <AllowAlign>false</AllowAlign>\n        <IsAnchor>false</IsAnchor>\n        <IsAnchorable>false</IsAnchorable>\n        <AllowElementInteraction>false</AllowElementInteraction>\n        <Report>Demo Proj\\Invoices Chart</Report>\n        <ReportId>4d812748-6441-466c-9c46-67bd36aff844</ReportId>\n        <TitleText />\n        <AllowSearching>false</AllowSearching>\n        <AllowScrolling>false</AllowScrolling>\n        <DesignSuppressExecution>false</DesignSuppressExecution>\n        <AutoSizeExecution>true</AutoSizeExecution>\n        <ReloadInterval>0</ReloadInterval>\n        <FilterValues />\n        <ParameterValues />\n        <FilterPrompts />\n        <ParameterPrompts />\n      </DashboardAdvancedReportItem>\n      <DashboardAdvancedReportItem>\n        <Id>1656926378</Id>\n        <Bounds>\n          <height>0.32258064516129031</height>\n          <width>0.27173913043478259</width>\n          <top>0.66129032258064524</top>\n          <left>0.31521739130434784</left>\n        </Bounds>\n        <Format>\n          <Title>Subscribers by Type</Title>\n          <ShowTitleOnOutput>false</ShowTitleOnOutput>\n          <TileFit>All</TileFit>\n          <TitleFont>Verdana</TitleFont>\n          <TitleFontSize>14</TitleFontSize>\n          <TitleFontColor>#2E2E2E</TitleFontColor>\n          <TitleFontWeight>Bold</TitleFontWeight>\n          <TitleHorizontalAlign>Center</TitleHorizontalAlign>\n          <TitleUnderline>None</TitleUnderline>\n          <HasTileBackground>true</HasTileBackground>\n          <TileBackgroundColor>#FFFFFF</TileBackgroundColor>\n          <TileBackgroundOpacity>100</TileBackgroundOpacity>\n          <HasTileTitleBackground>true</HasTileTitleBackground>\n          <TileTitleBackgroundColor>#FFFFFF</TileTitleBackgroundColor>\n          <TileTitleBackgroundOpacity>100</TileTitleBackgroundOpacity>\n          <Borders>\n            <ShowBorders>true</ShowBorders>\n            <UniformBorders>true</UniformBorders>\n            <UniformBorderColor>#d7d7d7</UniformBorderColor>\n            <UniformBorderWeight>2</UniformBorderWeight>\n            <TopBorderColor>#d7d7d7</TopBorderColor>\n            <TopBorderWeight>2</TopBorderWeight>\n            <BottomBorderColor>#d7d7d7</BottomBorderColor>\n            <BottomBorderWeight>2</BottomBorderWeight>\n            <LeftBorderColor>#d7d7d7</LeftBorderColor>\n            <LeftBorderWeight>2</LeftBorderWeight>\n            <RightBorderColor>#d7d7d7</RightBorderColor>\n            <RightBorderWeight>2</RightBorderWeight>\n            <BorderRadius>3</BorderRadius>\n          </Borders>\n          <HasTileShadow>true</HasTileShadow>\n          <MinimumColumnWidth>100</MinimumColumnWidth>\n        </Format>\n        <AllowAlign>false</AllowAlign>\n        <IsAnchor>false</IsAnchor>\n        <IsAnchorable>false</IsAnchorable>\n        <AllowElementInteraction>false</AllowElementInteraction>\n        <Report>Demo Proj\\BalancePerSub</Report>\n        <ReportId>47078779-4a14-4414-9995-9841c662f34d</ReportId>\n        <TitleText />\n        <AllowSearching>false</AllowSearching>\n        <AllowScrolling>false</AllowScrolling>\n        <DesignSuppressExecution>false</DesignSuppressExecution>\n        <AutoSizeExecution>true</AutoSizeExecution>\n        <ReloadInterval>0</ReloadInterval>\n        <FilterValues />\n        <ParameterValues />\n        <FilterPrompts />\n        <ParameterPrompts />\n      </DashboardAdvancedReportItem>\n      <DashboardAdvancedReportItem>\n        <Id>122911083</Id>\n        <Bounds>\n          <height>0.35483870967741937</height>\n          <width>0.21739130434782608</width>\n          <top>0.016129032258064516</top>\n          <left>0.77173913043478259</left>\n        </Bounds>\n        <Format>\n          <Title>Customer Satisfaction</Title>\n          <ShowTitleOnOutput>false</ShowTitleOnOutput>\n          <TileFit>All</TileFit>\n          <TitleFont>Palatino Linotype</TitleFont>\n          <TitleFontSize>16</TitleFontSize>\n          <TitleFontColor>#3366CC</TitleFontColor>\n          <TitleFontWeight>Bold</TitleFontWeight>\n          <TitleHorizontalAlign>Center</TitleHorizontalAlign>\n          <TitleUnderline>None</TitleUnderline>\n          <HasTileBackground>true</HasTileBackground>\n          <TileBackgroundColor>#FFFFFF</TileBackgroundColor>\n          <TileBackgroundOpacity>100</TileBackgroundOpacity>\n          <HasTileTitleBackground>true</HasTileTitleBackground>\n          <TileTitleBackgroundColor>#FFFFFF</TileTitleBackgroundColor>\n          <TileTitleBackgroundOpacity>100</TileTitleBackgroundOpacity>\n          <Borders>\n            <ShowBorders>true</ShowBorders>\n            <UniformBorders>true</UniformBorders>\n            <UniformBorderColor>#d7d7d7</UniformBorderColor>\n            <UniformBorderWeight>2</UniformBorderWeight>\n            <TopBorderColor>#d7d7d7</TopBorderColor>\n            <TopBorderWeight>2</TopBorderWeight>\n            <BottomBorderColor>#d7d7d7</BottomBorderColor>\n            <BottomBorderWeight>2</BottomBorderWeight>\n            <LeftBorderColor>#d7d7d7</LeftBorderColor>\n            <LeftBorderWeight>2</LeftBorderWeight>\n            <RightBorderColor>#d7d7d7</RightBorderColor>\n            <RightBorderWeight>2</RightBorderWeight>\n            <BorderRadius>3</BorderRadius>\n          </Borders>\n          <HasTileShadow>true</HasTileShadow>\n          <MinimumColumnWidth>100</MinimumColumnWidth>\n        </Format>\n        <AllowAlign>false</AllowAlign>\n        <IsAnchor>false</IsAnchor>\n        <IsAnchorable>false</IsAnchorable>\n        <AllowElementInteraction>false</AllowElementInteraction>\n        <Report>Demo Proj\\CustSatisfNew</Report>\n        <ReportId>40b20601-ec2a-4f91-bfc0-e393d695a6e1</ReportId>\n        <TitleText />\n        <AllowSearching>false</AllowSearching>\n        <AllowScrolling>false</AllowScrolling>\n        <DesignSuppressExecution>false</DesignSuppressExecution>\n        <AutoSizeExecution>true</AutoSizeExecution>\n        <ReloadInterval>0</ReloadInterval>\n        <FilterValues />\n        <ParameterValues />\n        <FilterPrompts />\n        <ParameterPrompts />\n      </DashboardAdvancedReportItem>\n      <DashboardAdvancedReportItem>\n        <Id>590457696</Id>\n        <Bounds>\n          <height>0.32258064516129037</height>\n          <width>0.29347826086956524</width>\n          <top>0.66129032258064524</top>\n          <left>0.010869565217391304</left>\n        </Bounds>\n        <Format>\n          <Title>Subscribers by Type</Title>\n          <ShowTitleOnOutput>false</ShowTitleOnOutput>\n          <TileFit>All</TileFit>\n          <TitleFont>Verdana</TitleFont>\n          <TitleFontSize>14</TitleFontSize>\n          <TitleFontColor>#2E2E2E</TitleFontColor>\n          <TitleFontWeight>Bold</TitleFontWeight>\n          <TitleHorizontalAlign>Center</TitleHorizontalAlign>\n          <TitleUnderline>None</TitleUnderline>\n          <HasTileBackground>true</HasTileBackground>\n          <TileBackgroundColor>#FFFFFF</TileBackgroundColor>\n          <TileBackgroundOpacity>100</TileBackgroundOpacity>\n          <HasTileTitleBackground>true</HasTileTitleBackground>\n          <TileTitleBackgroundColor>#FFFFFF</TileTitleBackgroundColor>\n          <TileTitleBackgroundOpacity>100</TileTitleBackgroundOpacity>\n          <Borders>\n            <ShowBorders>true</ShowBorders>\n            <UniformBorders>true</UniformBorders>\n            <UniformBorderColor>#d7d7d7</UniformBorderColor>\n            <UniformBorderWeight>2</UniformBorderWeight>\n            <TopBorderColor>#d7d7d7</TopBorderColor>\n            <TopBorderWeight>2</TopBorderWeight>\n            <BottomBorderColor>#d7d7d7</BottomBorderColor>\n            <BottomBorderWeight>2</BottomBorderWeight>\n            <LeftBorderColor>#d7d7d7</LeftBorderColor>\n            <LeftBorderWeight>2</LeftBorderWeight>\n            <RightBorderColor>#d7d7d7</RightBorderColor>\n            <RightBorderWeight>2</RightBorderWeight>\n            <BorderRadius>3</BorderRadius>\n          </Borders>\n          <HasTileShadow>true</HasTileShadow>\n          <MinimumColumnWidth>100</MinimumColumnWidth>\n        </Format>\n        <AllowAlign>false</AllowAlign>\n        <IsAnchor>false</IsAnchor>\n        <IsAnchorable>false</IsAnchorable>\n        <AllowElementInteraction>false</AllowElementInteraction>\n        <Report>Demo Proj\\SupportCost</Report>\n        <ReportId>85f6c45f-5867-4e73-a609-faf19a7c889d</ReportId>\n        <TitleText />\n        <AllowSearching>false</AllowSearching>\n        <AllowScrolling>false</AllowScrolling>\n        <DesignSuppressExecution>false</DesignSuppressExecution>\n        <AutoSizeExecution>true</AutoSizeExecution>\n        <ReloadInterval>0</ReloadInterval>\n        <FilterValues />\n        <ParameterValues />\n        <FilterPrompts />\n        <ParameterPrompts />\n      </DashboardAdvancedReportItem>\n    </AdvancedReportItems>\n    <ExpressViewItems />\n    <ImageItems />\n    <UrlItems />\n    <FilterItems />\n    <VisualizationItems />\n  </Layout>\n  <ParameterModels />\n  <CanvasFormat>\n    <CanvasFit>All</CanvasFit>\n    <CanvasHeight>530</CanvasHeight>\n    <CanvasWidth>728</CanvasWidth>\n    <CanvasBackgroundColor>#EFEFEF</CanvasBackgroundColor>\n    <CanvasBackgroundOpacity>100</CanvasBackgroundOpacity>\n    <DefaultTileHasBackground>true</DefaultTileHasBackground>\n    <DefaultTileBackgroundColor>#FFFFFF</DefaultTileBackgroundColor>\n    <DefaultTileBackgroundOpacity>100</DefaultTileBackgroundOpacity>\n    <DefaultTileTitleBackgroundColor>#FFFFFF</DefaultTileTitleBackgroundColor>\n    <DefaultTileTitleBackgroundOpacity>100</DefaultTileTitleBackgroundOpacity>\n    <DefaultTileBorders>\n      <ShowBorders>false</ShowBorders>\n      <UniformBorders>true</UniformBorders>\n      <UniformBorderColor>#d7d7d7</UniformBorderColor>\n      <UniformBorderWeight>2</UniformBorderWeight>\n      <TopBorderColor>#d7d7d7</TopBorderColor>\n      <TopBorderWeight>2</TopBorderWeight>\n      <BottomBorderColor>#d7d7d7</BottomBorderColor>\n      <BottomBorderWeight>2</BottomBorderWeight>\n      <LeftBorderColor>#d7d7d7</LeftBorderColor>\n      <LeftBorderWeight>2</LeftBorderWeight>\n      <RightBorderColor>#d7d7d7</RightBorderColor>\n      <RightBorderWeight>2</RightBorderWeight>\n      <BorderRadius>3</BorderRadius>\n    </DefaultTileBorders>\n    <DefaultTileHasShadows>false</DefaultTileHasShadows>\n    <IsGridSnappingEnabled>true</IsGridSnappingEnabled>\n    <IsDashboardReflowEnabled>false</IsDashboardReflowEnabled>\n  </CanvasFormat>\n  <Main>\n    <Id>6159003a-a8d8-4ed9-87e8-d256fdff8ecb</Id>\n    <ReportId>6159003a-a8d8-4ed9-87e8-d256fdff8ecb</ReportId>\n    <ReportType>Dashboard</ReportType>\n    <ExportType>Html</ExportType>\n  </Main>\n  <Api />\n  <Id>6159003a-a8d8-4ed9-87e8-d256fdff8ecb</Id>\n</DashboardReport>",
    "bit_content": null,
    "deleted_flag": 1,
    "created_date": "2021-08-19T07:04:47",
    "created_by": "user",
    "modified_date": "2021-10-13T11:38:36",
    "modified_by": "user",
    "owner_id": "",
    "exports_allowed": 0,
    "inherit_flag": 0,
    "default_party_type_id": null,
    "default_access_flags": 0,
    "extended_attributes": null,
    "default_export_type": 0,
    "report_tree_shortcut_action": 0,
    "use_cache_execution": 0,
    "is_cache_valid": null,
    "associated_reports": "e5f555ac-793f-4253-81ee-2f691eba1960,61deb1e6-c26d-4410-8741-1c1b225f617d,a60774e9-019a-4273-a394-ff4481cecd83,138b3ced-9257-4423-bd3b-481bcb12a63c,4d812748-6441-466c-9c46-67bd36aff844,47078779-4a14-4414-9995-9841c662f34d,40b20601-ec2a-4f91-bfc0-e393d695a6e1,85f6c45f-5867-4e73-a609-faf19a7c889d"
  },
  "Access": [
    {
      "content_id": "6159003a-a8d8-4ed9-87e8-d256fdff8ecb",
      "parent_id": "2b85ff51-a221-488f-bbcb-2c31e45c8fa0",
      "party_type_id": 1,
      "party_id": null,
      "sort_order": 0,
      "access_flags": 1885,
      "child_inherits": 0,
      "parentname": "Demo Proj",
      "contentname": "Dashbrd-v1"
    }
  ]
}