{
  "Content": {
    "content_id": "bfc8c694-74af-af51-0c50-7ecf4a44b7f4",
    "content_type": 0,
    "report_type": 5,
    "content_attribute": null,
    "name": "Invoices",
    "description": "",
    "text_content": "<?xml version=\"1.0\"?>\n<ExpressView xmlns:xsd=\"http://www.w3.org/2001/XMLSchema\" xmlns:xsi=\"http://www.w3.org/2001/XMLSchema-instance\">\n  <FolderId>00000000-0000-0000-0000-000000000000</FolderId>\n  <GroupByFields>\n    <ExpressViewGroupByField>\n      <BreakText>INVOICE_2.STATUS</BreakText>\n      <IsSortedAscending>true</IsSortedAscending>\n      <Width>-1</Width>\n      <GroupCellDataFormat>\n        <decimalSymbol>.</decimalSymbol>\n        <Type>General</Type>\n        <DecimalPlaces>0</DecimalPlaces>\n        <UseSeparator>true</UseSeparator>\n        <SeparatorSymbol>,</SeparatorSymbol>\n        <UseCurrency>false</UseCurrency>\n        <CurrencySymbol>$</CurrencySymbol>\n        <DecimalSymbol>.</DecimalSymbol>\n        <BlankWhenZero>false</BlankWhenZero>\n        <UsePercentSign>false</UsePercentSign>\n        <UseNegativeSymbol>true</UseNegativeSymbol>\n        <UseNegativeParens>false</UseNegativeParens>\n        <NegativeColor />\n        <DateTimeFormat />\n      </GroupCellDataFormat>\n      <HorizontalAlign>Left</HorizontalAlign>\n      <HeaderFontFormat>\n        <Weight>Normal</Weight>\n        <Underline>None</Underline>\n      </HeaderFontFormat>\n      <DataCellsFontFormat>\n        <Weight>Normal</Weight>\n        <Underline>None</Underline>\n      </DataCellsFontFormat>\n    </ExpressViewGroupByField>\n  </GroupByFields>\n  <Columns>\n    <ExpressViewColumn>\n      <ColumnText>INVOICE_2.INVOICE_ID</ColumnText>\n      <Width>-1</Width>\n      <AggType>Count</AggType>\n      <DetailDataFormat>\n        <decimalSymbol>.</decimalSymbol>\n        <Type>General</Type>\n        <DecimalPlaces>0</DecimalPlaces>\n        <UseSeparator>true</UseSeparator>\n        <SeparatorSymbol>,</SeparatorSymbol>\n        <UseCurrency>false</UseCurrency>\n        <CurrencySymbol>$</CurrencySymbol>\n        <DecimalSymbol>.</DecimalSymbol>\n        <BlankWhenZero>false</BlankWhenZero>\n        <UsePercentSign>false</UsePercentSign>\n        <UseNegativeSymbol>true</UseNegativeSymbol>\n        <UseNegativeParens>false</UseNegativeParens>\n        <NegativeColor />\n        <DateTimeFormat />\n      </DetailDataFormat>\n      <FootersDataFormat>\n        <decimalSymbol>.</decimalSymbol>\n        <Type>General</Type>\n        <DecimalPlaces>0</DecimalPlaces>\n        <UseSeparator>true</UseSeparator>\n        <SeparatorSymbol>,</SeparatorSymbol>\n        <UseCurrency>false</UseCurrency>\n        <CurrencySymbol>$</CurrencySymbol>\n        <DecimalSymbol>.</DecimalSymbol>\n        <BlankWhenZero>false</BlankWhenZero>\n        <UsePercentSign>false</UsePercentSign>\n        <UseNegativeSymbol>true</UseNegativeSymbol>\n        <UseNegativeParens>false</UseNegativeParens>\n        <NegativeColor />\n        <DateTimeFormat />\n      </FootersDataFormat>\n      <HorizontalAlign>Right</HorizontalAlign>\n      <HeaderFontFormat>\n        <Weight>Normal</Weight>\n        <Underline>None</Underline>\n      </HeaderFontFormat>\n      <DetailChunkFontFormat>\n        <Weight>Normal</Weight>\n        <Underline>None</Underline>\n      </DetailChunkFontFormat>\n      <GroupFootersDropdownFontFormat>\n        <Weight>Normal</Weight>\n        <Underline>None</Underline>\n      </GroupFootersDropdownFontFormat>\n      <ReportFooterDropdownFontFormat>\n        <Weight>Bold</Weight>\n        <Underline>None</Underline>\n      </ReportFooterDropdownFontFormat>\n    </ExpressViewColumn>\n  </Columns>\n  <AllFilters>\n    <ExpressViewFilter>\n      <FilterText>CUSTOMER_2.CUSTOMER_ID</FilterText>\n      <Operator>et</Operator>\n      <Values>\n        <string>@customer_id@</string>\n      </Values>\n      <Title>CUSTOMER.CUSTOMER_ID</Title>\n    </ExpressViewFilter>\n  </AllFilters>\n  <AnyFilters>\n    <ExpressViewFilter>\n      <FilterText>INVOICE_2.STATUS</FilterText>\n      <Operator>net</Operator>\n      <Values>\n        <string>Closed</string>\n      </Values>\n      <Title>INVOICE.STATUS</Title>\n    </ExpressViewFilter>\n  </AnyFilters>\n  <TopNFilter>\n    <Direction>Top</Direction>\n    <N>10</N>\n    <AggType>Values</AggType>\n    <FilterField />\n    <ForEachGroups />\n  </TopNFilter>\n  <Sorts />\n  <Formatting>\n    <ThemeName>-1</ThemeName>\n    <PreviewColors>\n      <string>#ECEDEF</string>\n      <string>#F6F6F7</string>\n      <string>#EDF2FD</string>\n    </PreviewColors>\n    <ColumnHeaders>\n      <FontColor>#474F61</FontColor>\n      <BackgroundColor>#ECEDEF</BackgroundColor>\n      <BorderColor>#C7CACF</BorderColor>\n    </ColumnHeaders>\n    <DataRows>\n      <FontColor>#474F61</FontColor>\n      <BackgroundColor>#FFFFFF</BackgroundColor>\n      <BorderColor>#E5E6E7</BorderColor>\n    </DataRows>\n    <GroupSections>\n      <FontColor>#474F61</FontColor>\n      <BackgroundColor>#F6F6F7</BackgroundColor>\n      <BorderColor>#C7CACF</BorderColor>\n    </GroupSections>\n    <ReportTotals>\n      <FontColor>#474F61</FontColor>\n      <BackgroundColor>#EDF2FD</BackgroundColor>\n      <BorderColor>#91AAE2</BorderColor>\n    </ReportTotals>\n    <GroupDivider>#8AA4E1</GroupDivider>\n    <ContentBorder>#C7CACF</ContentBorder>\n    <DataDivider>#C7CACF</DataDivider>\n    <CanvasBackground>#F1F1F3</CanvasBackground>\n  </Formatting>\n  <GlobalFontFamily>Palatino Linotype</GlobalFontFamily>\n  <GroupTotalLabelsFontFormat>\n    <Weight>Normal</Weight>\n    <Underline>None</Underline>\n  </GroupTotalLabelsFontFormat>\n  <ReportTotalLabelFontFormat>\n    <Weight>Bold</Weight>\n    <Underline>None</Underline>\n  </ReportTotalLabelFontFormat>\n  <Chart>\n    <ChartType>Bar</ChartType>\n    <ValuesFields>\n      <ExpressViewChartFieldObject>\n        <UseValueOfGroup>INVOICE_2.STATUS</UseValueOfGroup>\n        <AggType>Count</AggType>\n        <SeriesName />\n        <IsFromDetail>true</IsFromDetail>\n        <FieldIndex>0</FieldIndex>\n      </ExpressViewChartFieldObject>\n    </ValuesFields>\n    <LabelsFields>\n      <ExpressViewChartFieldObject>\n        <UseValueOfGroup>INVOICE_2.STATUS</UseValueOfGroup>\n        <AggType>Count</AggType>\n        <SeriesName />\n        <IsFromDetail>false</IsFromDetail>\n        <FieldIndex>0</FieldIndex>\n      </ExpressViewChartFieldObject>\n    </LabelsFields>\n    <DataMethod>SeriesInColumns</DataMethod>\n    <Height>0</Height>\n    <Width>0</Width>\n    <ChartLocation>Top</ChartLocation>\n    <ShowChart>true</ShowChart>\n    <Appearance>\n      <Title />\n      <Subtitle />\n      <XAxisTitle />\n      <YAxisTitle />\n      <ValueAxisMin xsi:nil=\"true\" />\n      <ValueAxisMax xsi:nil=\"true\" />\n      <ExcludeLessThan xsi:nil=\"true\" />\n      <ExcludeGreaterThan xsi:nil=\"true\" />\n      <PointLabelsContent>None</PointLabelsContent>\n      <LegendDisplay>Right</LegendDisplay>\n      <LabelDisplay>auto</LabelDisplay>\n      <KPIValueFormat>expanded</KPIValueFormat>\n      <NumberFormat>\n        <UseSeparator>false</UseSeparator>\n        <UseCurrency>false</UseCurrency>\n        <UsePercentSign>false</UsePercentSign>\n        <DecimalPlaces>-1</DecimalPlaces>\n        <SeparatorSymbol>,</SeparatorSymbol>\n        <CurrencySymbol>$</CurrencySymbol>\n        <DecimalSymbol>.</DecimalSymbol>\n      </NumberFormat>\n      <DataColorInfo>\n        <Type>Theme</Type>\n        <ThemeName>-2</ThemeName>\n        <LinearRangeColors>\n          <string>#ff0000</string>\n          <string>#0000ff</string>\n        </LinearRangeColors>\n        <CustomColors>\n          <string>#ecdfbd</string>\n          <string>#20457c</string>\n          <string>#3b3a35</string>\n          <string>#fb6648</string>\n          <string>#5e3448</string>\n        </CustomColors>\n        <ThemeColors>\n          <string>#3B5BD2</string>\n          <string>#4E80F4</string>\n          <string>#95B3F8</string>\n          <string>#CAD8FB</string>\n          <string>#FDD9B2</string>\n          <string>#7D67FC</string>\n          <string>#27FE01</string>\n          <string>#F87206</string>\n        </ThemeColors>\n      </DataColorInfo>\n      <Is3D>false</Is3D>\n      <Style>\n        <TitlePosition>TopCenter</TitlePosition>\n        <TitleFontSize>18</TitleFontSize>\n        <TitleFontColor>#5a5a5a</TitleFontColor>\n        <TitleFontFamily>Roboto</TitleFontFamily>\n        <SubtitleFontSize>12</SubtitleFontSize>\n        <SubtitleFontColor>#5a5a5a</SubtitleFontColor>\n        <SubtitleFontFamily>Roboto</SubtitleFontFamily>\n        <LabelsFontSize>11</LabelsFontSize>\n        <LabelsFontColor>#888888</LabelsFontColor>\n        <LabelsFontFamily>Roboto</LabelsFontFamily>\n      </Style>\n      <SortDataBy>None</SortDataBy>\n      <SortDataByDirection>Ascending</SortDataByDirection>\n      <UseScroll>false</UseScroll>\n    </Appearance>\n  </Chart>\n  <ExportSettings>\n    <PageSize>Letter</PageSize>\n    <PageOrientation>Portrait</PageOrientation>\n    <FitToPageWidth>true</FitToPageWidth>\n    <IncludeSetupInfo>No</IncludeSetupInfo>\n    <NoDataQualifiedMode>ShowMessage</NoDataQualifiedMode>\n    <FlattenGroupsInExcelAndCsv>true</FlattenGroupsInExcelAndCsv>\n    <StyleCellsInExcel>true</StyleCellsInExcel>\n  </ExportSettings>\n  <UseTopN>false</UseTopN>\n  <IncludeDetailRows>false</IncludeDetailRows>\n  <ShowGroupFooters>true</ShowGroupFooters>\n  <ShowReportFooter>false</ShowReportFooter>\n  <Id>bfc8c694-74af-af51-0c50-7ecf4a44b7f4</Id>\n  <Description />\n  <FilterDescription />\n  <ReportType>ExpressView</ReportType>\n  <ExportType>Default</ExportType>\n  <ReportTreeShortcut>Default</ReportTreeShortcut>\n  <AllowOutputPdf>true</AllowOutputPdf>\n  <AllowOutputCsv>true</AllowOutputCsv>\n  <AllowOutputExcel>true</AllowOutputExcel>\n  <AllowOutputRtf>true</AllowOutputRtf>\n  <CustomEntities>\n    <webreports />\n  </CustomEntities>\n  <CustomJoins>\n    <webreports />\n  </CustomJoins>\n  <Api />\n</ExpressView>",
    "bit_content": null,
    "deleted_flag": 1,
    "created_date": "2021-08-04T14:50:25",
    "created_by": "user",
    "modified_date": "2021-08-05T12:43:57",
    "modified_by": "user",
    "owner_id": "",
    "exports_allowed": 31,
    "inherit_flag": 0,
    "default_party_type_id": null,
    "default_access_flags": 0,
    "extended_attributes": null,
    "default_export_type": 0,
    "report_tree_shortcut_action": 0,
    "use_cache_execution": 0,
    "is_cache_valid": null,
    "associated_reports": null
  },
  "Access": [
    {
      "content_id": "bfc8c694-74af-af51-0c50-7ecf4a44b7f4",
      "parent_id": "2b85ff51-a221-488f-bbcb-2c31e45c8fa0",
      "party_type_id": 1,
      "party_id": null,
      "sort_order": 0,
      "access_flags": 1885,
      "child_inherits": 0,
      "parentname": "Demo Proj",
      "contentname": "Invoices"
    }
  ]
}