{
  "Content": {
    "content_id": "d9c1a20c-2a3a-4f45-b68e-7a3cb9424aba",
    "content_type": 0,
    "report_type": 0,
    "content_attribute": null,
    "name": "General-img",
    "description": null,
    "text_content": "<report>\n  <main>\n    <id>d9c1a20c-2a3a-4f45-b68e-7a3cb9424aba</id>\n    <report_name>General-img</report_name>\n    <folder_name>Demo Proj</folder_name>\n    <folder_id>2b85ff51-a221-488f-bbcb-2c31e45c8fa0</folder_id>\n    <version>1</version>\n    <type>Standard</type>\n    <sql_stmt />\n    <show_execute_form>False</show_execute_form>\n    <filter_execution_window>Default</filter_execution_window>\n    <fit_page_width>False</fit_page_width>\n    <suppress_formatting>False</suppress_formatting>\n    <report_tree_shortcut>0</report_tree_shortcut>\n    <output_mode>6</output_mode>\n    <prevent_output />\n    <page_size>Letter</page_size>\n    <page_orientation>Portrait</page_orientation>\n    <include_setup_info>No</include_setup_info>\n    <description />\n    <filter_description />\n    <show_grid>False</show_grid>\n    <pdf_template />\n    <embedded_pdf_template />\n    <simulate_pdf>True</simulate_pdf>\n    <no_data_render_type>ShowMessage</no_data_render_type>\n    <show_interactive_sorts>True</show_interactive_sorts>\n    <allow_column_hide>True</allow_column_hide>\n    <show_column_headers>True</show_column_headers>\n    <groups_on_separate_worksheets>False</groups_on_separate_worksheets>\n    <enable_cartesian_processing>Default</enable_cartesian_processing>\n    <visualization_report>false</visualization_report>\n    <use_cache_execution>false</use_cache_execution>\n    <excel_freeze_rows>1</excel_freeze_rows>\n    <excel_freeze_columns>1</excel_freeze_columns>\n    <excel_show_gridlines>True</excel_show_gridlines>\n    <suppressfiltersinterface>False</suppressfiltersinterface>\n    <suppresssortsinterface>False</suppresssortsinterface>\n    <row_range_limit>0</row_range_limit>\n  </main>\n  <entity>\n    <entity_name>ADDRESS_2</entity_name>\n    <group_by_flag>False</group_by_flag>\n  </entity>\n  <entity>\n    <entity_name>CUSTOMER_2</entity_name>\n    <group_by_flag>False</group_by_flag>\n  </entity>\n  <cell>\n    <id>314665889</id>\n    <cell_text>Customer General Info</cell_text>\n    <cell_type>text</cell_type>\n    <cell_row>1</cell_row>\n    <cell_col>0</cell_col>\n    <cell_horizontal_align>Center</cell_horizontal_align>\n    <cell_vertical_align>Top</cell_vertical_align>\n    <cell_colspan>4</cell_colspan>\n    <wrap_text_flag>True</wrap_text_flag>\n    <font_name>Roboto</font_name>\n    <font_size>19</font_size>\n    <font_bold_flag>True</font_bold_flag>\n    <foreground_color>#1483F3</foreground_color>\n  </cell>\n  <cell>\n    <id>1849546410</id>\n    <cell_text>  Name:</cell_text>\n    <cell_type>text</cell_type>\n    <cell_row>2</cell_row>\n    <cell_col>0</cell_col>\n    <wrap_text_flag>True</wrap_text_flag>\n    <font_name>Roboto</font_name>\n    <font_size>13</font_size>\n    <font_bold_flag>True</font_bold_flag>\n    <border_bottom_width>1</border_bottom_width>\n    <border_bottom_color>#CCCCCC</border_bottom_color>\n    <foreground_color>#2E2E2E</foreground_color>\n  </cell>\n  <cell>\n    <id>537172364</id>\n    <cell_text>=Concatenate({CUSTOMER_2.FIRST_NAME},' ',{CUSTOMER_2.LAST_NAME})</cell_text>\n    <cell_type>formula</cell_type>\n    <cell_row>2</cell_row>\n    <cell_col>1</cell_col>\n    <wrap_text_flag>True</wrap_text_flag>\n    <font_name>Roboto</font_name>\n    <font_size>13</font_size>\n    <border_bottom_width>1</border_bottom_width>\n    <border_bottom_color>#CCCCCC</border_bottom_color>\n    <foreground_color>#2E2E2E</foreground_color>\n  </cell>\n  <cell>\n    <id>1210467174</id>\n    <cell_text>SSN:</cell_text>\n    <cell_type>text</cell_type>\n    <cell_row>2</cell_row>\n    <cell_col>2</cell_col>\n    <wrap_text_flag>True</wrap_text_flag>\n    <font_name>Roboto</font_name>\n    <font_size>13</font_size>\n    <font_bold_flag>True</font_bold_flag>\n    <border_bottom_width>1</border_bottom_width>\n    <border_bottom_color>#CCCCCC</border_bottom_color>\n    <foreground_color>#2E2E2E</foreground_color>\n  </cell>\n  <cell>\n    <id>1472511880</id>\n    <cell_text>CUSTOMER_2.SSN</cell_text>\n    <cell_type>data</cell_type>\n    <cell_row>2</cell_row>\n    <cell_col>3</cell_col>\n    <wrap_text_flag>True</wrap_text_flag>\n    <font_name>Roboto</font_name>\n    <font_size>13</font_size>\n    <border_bottom_width>1</border_bottom_width>\n    <border_bottom_color>#CCCCCC</border_bottom_color>\n    <foreground_color>#2E2E2E</foreground_color>\n  </cell>\n  <cell>\n    <id>1012819281</id>\n    <cell_text>CUSTOMER_2.PROFILE_PIC</cell_text>\n    <cell_type>data</cell_type>\n    <cell_row>2</cell_row>\n    <cell_col>4</cell_col>\n    <cell_rowspan>3</cell_rowspan>\n    <wrap_text_flag>True</wrap_text_flag>\n    <font_name>Palatino Linotype</font_name>\n    <font_size>11</font_size>\n  </cell>\n  <cell>\n    <id>1536234282</id>\n    <cell_text>  Address:</cell_text>\n    <cell_type>text</cell_type>\n    <cell_row>3</cell_row>\n    <cell_col>0</cell_col>\n    <wrap_text_flag>True</wrap_text_flag>\n    <font_name>Roboto</font_name>\n    <font_size>13</font_size>\n    <font_bold_flag>True</font_bold_flag>\n    <border_bottom_width>1</border_bottom_width>\n    <border_bottom_color>#CCCCCC</border_bottom_color>\n    <foreground_color>#2E2E2E</foreground_color>\n  </cell>\n  <cell>\n    <id>198194216</id>\n    <cell_text>ADDRESS_2.STREET_ADDRESS_1</cell_text>\n    <cell_type>data</cell_type>\n    <cell_row>3</cell_row>\n    <cell_col>1</cell_col>\n    <wrap_text_flag>True</wrap_text_flag>\n    <font_name>Roboto</font_name>\n    <font_size>13</font_size>\n    <border_bottom_width>1</border_bottom_width>\n    <border_bottom_color>#CCCCCC</border_bottom_color>\n    <foreground_color>#2E2E2E</foreground_color>\n  </cell>\n  <cell>\n    <id>1495238665</id>\n    <cell_text>City:</cell_text>\n    <cell_type>text</cell_type>\n    <cell_row>3</cell_row>\n    <cell_col>2</cell_col>\n    <wrap_text_flag>True</wrap_text_flag>\n    <font_name>Roboto</font_name>\n    <font_size>13</font_size>\n    <font_bold_flag>True</font_bold_flag>\n    <border_bottom_width>1</border_bottom_width>\n    <border_bottom_color>#CCCCCC</border_bottom_color>\n    <foreground_color>#2E2E2E</foreground_color>\n  </cell>\n  <cell>\n    <id>477202691</id>\n    <cell_text>ADDRESS_2.CITY</cell_text>\n    <cell_type>data</cell_type>\n    <cell_row>3</cell_row>\n    <cell_col>3</cell_col>\n    <wrap_text_flag>True</wrap_text_flag>\n    <font_name>Roboto</font_name>\n    <font_size>13</font_size>\n    <border_bottom_width>1</border_bottom_width>\n    <border_bottom_color>#CCCCCC</border_bottom_color>\n    <foreground_color>#2E2E2E</foreground_color>\n  </cell>\n  <cell>\n    <id>1849832755</id>\n    <cell_text>  State:</cell_text>\n    <cell_type>text</cell_type>\n    <cell_row>4</cell_row>\n    <cell_col>0</cell_col>\n    <wrap_text_flag>True</wrap_text_flag>\n    <font_name>Roboto</font_name>\n    <font_size>13</font_size>\n    <font_bold_flag>True</font_bold_flag>\n    <border_bottom_width>1</border_bottom_width>\n    <border_bottom_color>#CCCCCC</border_bottom_color>\n    <foreground_color>#2E2E2E</foreground_color>\n  </cell>\n  <cell>\n    <id>525666778</id>\n    <cell_text>ADDRESS_2.STATE</cell_text>\n    <cell_type>data</cell_type>\n    <cell_row>4</cell_row>\n    <cell_col>1</cell_col>\n    <wrap_text_flag>True</wrap_text_flag>\n    <font_name>Roboto</font_name>\n    <font_size>13</font_size>\n    <border_bottom_width>1</border_bottom_width>\n    <border_bottom_color>#CCCCCC</border_bottom_color>\n    <foreground_color>#2E2E2E</foreground_color>\n  </cell>\n  <cell>\n    <id>726761652</id>\n    <cell_text>Zip:</cell_text>\n    <cell_type>text</cell_type>\n    <cell_row>4</cell_row>\n    <cell_col>2</cell_col>\n    <wrap_text_flag>True</wrap_text_flag>\n    <font_name>Roboto</font_name>\n    <font_size>13</font_size>\n    <font_bold_flag>True</font_bold_flag>\n    <border_bottom_width>1</border_bottom_width>\n    <border_bottom_color>#CCCCCC</border_bottom_color>\n    <foreground_color>#2E2E2E</foreground_color>\n  </cell>\n  <cell>\n    <id>1260983037</id>\n    <cell_text>ADDRESS_2.ZIP</cell_text>\n    <cell_type>data</cell_type>\n    <cell_row>4</cell_row>\n    <cell_col>3</cell_col>\n    <wrap_text_flag>True</wrap_text_flag>\n    <font_name>Roboto</font_name>\n    <font_size>13</font_size>\n    <border_bottom_width>1</border_bottom_width>\n    <border_bottom_color>#CCCCCC</border_bottom_color>\n    <foreground_color>#2E2E2E</foreground_color>\n  </cell>\n  <row>\n    <group_type>Page Header</group_type>\n  </row>\n  <row>\n    <group_type>Page Header</group_type>\n  </row>\n  <row>\n    <group_type>Page Header</group_type>\n    <row_height>50</row_height>\n  </row>\n  <row>\n    <group_type>Page Header</group_type>\n    <row_height>50</row_height>\n  </row>\n  <row>\n    <group_type>Page Header</group_type>\n    <row_height>50</row_height>\n  </row>\n  <row>\n    <group_type>Page Header</group_type>\n  </row>\n  <column>\n    <column_width>99</column_width>\n  </column>\n  <column>\n    <column_width>315</column_width>\n  </column>\n  <column>\n    <column_width>87</column_width>\n  </column>\n  <column>\n    <column_width>156</column_width>\n  </column>\n  <column>\n    <column_width>231</column_width>\n  </column>\n  <join>\n    <affinity>Global</affinity>\n    <entity_from_name>CUSTOMER_2</entity_from_name>\n    <entity_to_name>ADDRESS_2</entity_to_name>\n    <entity_from_id>CUSTOMER_2</entity_from_id>\n    <entity_to_id>ADDRESS_2</entity_to_id>\n    <join_type>leftouter</join_type>\n    <relation_type>1M</relation_type>\n    <weight>0</weight>\n    <key>\n      <col_from_name>CUSTOMER_ID</col_from_name>\n      <col_to_name>CUSTOMER_ID</col_to_name>\n    </key>\n    <clause>\n      <left_side>CUSTOMER_ID</left_side>\n      <left_side_type>Column</left_side_type>\n      <comparison>EQ</comparison>\n      <right_side>CUSTOMER_ID</right_side>\n      <right_side_type>Column</right_side_type>\n      <conjunction>AND</conjunction>\n      <level>0</level>\n    </clause>\n  </join>\n  <filter>\n    <filter_name>CUSTOMER_2.CUSTOMER_ID</filter_name>\n    <order_num>0</order_num>\n    <operator>=</operator>\n    <prompt_flag>False</prompt_flag>\n    <and_flag>True</and_flag>\n    <group_with_next_flag>False</group_with_next_flag>\n    <filter_ref_id>1760099804</filter_ref_id>\n    <filter_title />\n    <values>\n      <value>@customer_id@</value>\n    </values>\n  </filter>\n  <topn>\n    <action>top</action>\n    <use_topn_item>False</use_topn_item>\n    <num_items>10</num_items>\n    <cellId>-1</cellId>\n    <direction>asc</direction>\n  </topn>\n  <dynamicfilters />\n</report>",
    "bit_content": null,
    "deleted_flag": 1,
    "created_date": "2021-10-17T13:20:52",
    "created_by": "user",
    "modified_date": "2021-10-20T07:36:18",
    "modified_by": "user",
    "owner_id": "",
    "exports_allowed": 31,
    "inherit_flag": 0,
    "default_party_type_id": null,
    "default_access_flags": 0,
    "extended_attributes": null,
    "default_export_type": 0,
    "report_tree_shortcut_action": 0,
    "use_cache_execution": 0,
    "is_cache_valid": null,
    "associated_reports": null
  },
  "Access": [
    {
      "content_id": "d9c1a20c-2a3a-4f45-b68e-7a3cb9424aba",
      "parent_id": "2b85ff51-a221-488f-bbcb-2c31e45c8fa0",
      "party_type_id": 1,
      "party_id": null,
      "sort_order": 0,
      "access_flags": 1885,
      "child_inherits": 0,
      "parentname": "Demo Proj",
      "contentname": "General-img"
    }
  ]
}