<?xml version='1.0' encoding='UTF-8'?><profile><name>K2 XML Custom Profile</name><language>xml</language><rules><rule><repositoryKey>xml</repositoryKey><key>K2CassandraInterfaceServersCheck</key><type>CODE_SMELL</type><priority>MAJOR</priority><parameters/></rule><rule><repositoryKey>xml</repositoryKey><key>K2EnrichmentOnlyWhenRequired</key><type>CODE_SMELL</type><priority>MAJOR</priority><parameters/></rule><rule><repositoryKey>xml</repositoryKey><key>K2IIDFinderDecisionFunctionSchemaLevel</key><type>CODE_SMELL</type><priority>BLOCKER</priority><parameters/></rule><rule><repositoryKey>xml</repositoryKey><key>K2IIDFinderKafkaDetails</key><type>CODE_SMELL</type><priority>MINOR</priority><parameters/></rule><rule><repositoryKey>xml</repositoryKey><key>K2IIDFinderReduceLevels</key><type>CODE_SMELL</type><priority>INFO</priority><parameters/></rule><rule><repositoryKey>xml</repositoryKey><key>K2IIDFinderRootSetting</key><type>CODE_SMELL</type><priority>MAJOR</priority><parameters/></rule><rule><repositoryKey>xml</repositoryKey><key>K2IIDFinderSourceAvailableAttr</key><type>CODE_SMELL</type><priority>MAJOR</priority><parameters/></rule><rule><repositoryKey>xml</repositoryKey><key>K2IIDFinderStoreSettingRule</key><type>CODE_SMELL</type><priority>MAJOR</priority><parameters/></rule><rule><repositoryKey>xml</repositoryKey><key>K2LUSyncLargeTimeOut</key><type>CODE_SMELL</type><priority>MINOR</priority><parameters/></rule><rule><repositoryKey>xml</repositoryKey><key>K2LUSyncTimeOutNotSet</key><type>CODE_SMELL</type><priority>MAJOR</priority><parameters/></rule><rule><repositoryKey>xml</repositoryKey><key>K2PopCassandraFullRefresh</key><type>CODE_SMELL</type><priority>MAJOR</priority><parameters/></rule><rule><repositoryKey>xml</repositoryKey><key>K2PopLudbDecisionFunc</key><type>CODE_SMELL</type><priority>MAJOR</priority><parameters/></rule><rule><repositoryKey>xml</repositoryKey><key>K2SecurityCassandraInterfaceCheck</key><type>CODE_SMELL</type><priority>CRITICAL</priority><parameters/></rule></rules></profile>