<?xml version='1.0' encoding='UTF-8'?><profile><name>K2JavaProfile</name><language>java</language><rules><rule><repositoryKey>common-java</repositoryKey><key>FailedUnitTests</key><type>BUG</type><priority>MAJOR</priority><parameters/></rule><rule><repositoryKey>java</repositoryKey><key>S1067</key><type>CODE_SMELL</type><priority>CRITICAL</priority><parameters><parameter><key>max</key><value>3</value></parameter></parameters></rule><rule><repositoryKey>java</repositoryKey><key>S1111</key><type>BUG</type><priority>MAJOR</priority><parameters/></rule><rule><repositoryKey>java</repositoryKey><key>S1113</key><type>CODE_SMELL</type><priority>CRITICAL</priority><parameters/></rule><rule><repositoryKey>java</repositoryKey><key>S1114</key><type>BUG</type><priority>CRITICAL</priority><parameters/></rule><rule><repositoryKey>java</repositoryKey><key>S1143</key><type>BUG</type><priority>CRITICAL</priority><parameters/></rule><rule><repositoryKey>java</repositoryKey><key>S1145</key><type>BUG</type><priority>MAJOR</priority><parameters/></rule><rule><repositoryKey>java</repositoryKey><key>S1147</key><type>CODE_SMELL</type><priority>BLOCKER</priority><parameters/></rule><rule><repositoryKey>java</repositoryKey><key>S115</key><type>CODE_SMELL</type><priority>CRITICAL</priority><parameters><parameter><key>format</key><value>^[A-Z][A-Z0-9]*(_[A-Z0-9]+)*$</value></parameter></parameters></rule><rule><repositoryKey>java</repositoryKey><key>S1163</key><type>CODE_SMELL</type><priority>CRITICAL</priority><parameters/></rule><rule><repositoryKey>java</repositoryKey><key>S1174</key><type>CODE_SMELL</type><priority>CRITICAL</priority><parameters/></rule><rule><repositoryKey>java</repositoryKey><key>S1175</key><type>BUG</type><priority>CRITICAL</priority><parameters/></rule><rule><repositoryKey>java</repositoryKey><key>S1186</key><type>CODE_SMELL</type><priority>CRITICAL</priority><parameters/></rule><rule><repositoryKey>java</repositoryKey><key>S1190</key><type>CODE_SMELL</type><priority>BLOCKER</priority><parameters/></rule><rule><repositoryKey>java</repositoryKey><key>S1192</key><type>CODE_SMELL</type><priority>CRITICAL</priority><parameters><parameter><key>threshold</key><value>3</value></parameter></parameters></rule><rule><repositoryKey>java</repositoryKey><key>S1201</key><type>BUG</type><priority>MAJOR</priority><parameters/></rule><rule><repositoryKey>java</repositoryKey><key>S1206</key><type>BUG</type><priority>MINOR</priority><parameters/></rule><rule><repositoryKey>java</repositoryKey><key>S121</key><type>CODE_SMELL</type><priority>CRITICAL</priority><parameters/></rule><rule><repositoryKey>java</repositoryKey><key>S1214</key><type>CODE_SMELL</type><priority>CRITICAL</priority><parameters/></rule><rule><repositoryKey>java</repositoryKey><key>S1215</key><type>CODE_SMELL</type><priority>CRITICAL</priority><parameters/></rule><rule><repositoryKey>java</repositoryKey><key>S1217</key><type>BUG</type><priority>MAJOR</priority><parameters/></rule><rule><repositoryKey>java</repositoryKey><key>S1219</key><type>CODE_SMELL</type><priority>BLOCKER</priority><parameters/></rule><rule><repositoryKey>java</repositoryKey><key>S1221</key><type>BUG</type><priority>MAJOR</priority><parameters/></rule><rule><repositoryKey>java</repositoryKey><key>S1226</key><type>BUG</type><priority>MINOR</priority><parameters/></rule><rule><repositoryKey>java</repositoryKey><key>S1244</key><type>BUG</type><priority>MAJOR</priority><parameters/></rule><rule><repositoryKey>java</repositoryKey><key>S128</key><type>CODE_SMELL</type><priority>BLOCKER</priority><parameters/></rule><rule><repositoryKey>java</repositoryKey><key>S131</key><type>CODE_SMELL</type><priority>CRITICAL</priority><parameters/></rule><rule><repositoryKey>java</repositoryKey><key>S1311</key><type>CODE_SMELL</type><priority>CRITICAL</priority><parameters><parameter><key>max</key><value>200</value></parameter></parameters></rule><rule><repositoryKey>java</repositoryKey><key>S1314</key><type>CODE_SMELL</type><priority>BLOCKER</priority><parameters/></rule><rule><repositoryKey>java</repositoryKey><key>S1317</key><type>BUG</type><priority>MAJOR</priority><parameters/></rule><rule><repositoryKey>java</repositoryKey><key>S134</key><type>CODE_SMELL</type><priority>CRITICAL</priority><parameters><parameter><key>max</key><value>3</value></parameter></parameters></rule><rule><repositoryKey>java</repositoryKey><key>S1541</key><type>CODE_SMELL</type><priority>CRITICAL</priority><parameters><parameter><key>Threshold</key><value>10</value></parameter></parameters></rule><rule><repositoryKey>java</repositoryKey><key>S1656</key><type>BUG</type><priority>MAJOR</priority><parameters/></rule><rule><repositoryKey>java</repositoryKey><key>S1697</key><type>BUG</type><priority>MAJOR</priority><parameters/></rule><rule><repositoryKey>java</repositoryKey><key>S1699</key><type>CODE_SMELL</type><priority>CRITICAL</priority><parameters/></rule><rule><repositoryKey>java</repositoryKey><key>S1751</key><type>BUG</type><priority>MAJOR</priority><parameters/></rule><rule><repositoryKey>java</repositoryKey><key>S1764</key><type>BUG</type><priority>MAJOR</priority><parameters/></rule><rule><repositoryKey>java</repositoryKey><key>S1821</key><type>CODE_SMELL</type><priority>CRITICAL</priority><parameters/></rule><rule><repositoryKey>java</repositoryKey><key>S1845</key><type>CODE_SMELL</type><priority>BLOCKER</priority><parameters/></rule><rule><repositoryKey>java</repositoryKey><key>S1849</key><type>BUG</type><priority>MAJOR</priority><parameters/></rule><rule><repositoryKey>java</repositoryKey><key>S1850</key><type>BUG</type><priority>MAJOR</priority><parameters/></rule><rule><repositoryKey>java</repositoryKey><key>S1860</key><type>BUG</type><priority>MAJOR</priority><parameters/></rule><rule><repositoryKey>java</repositoryKey><key>S1862</key><type>BUG</type><priority>MAJOR</priority><parameters/></rule><rule><repositoryKey>java</repositoryKey><key>S1872</key><type>BUG</type><priority>MAJOR</priority><parameters/></rule><rule><repositoryKey>java</repositoryKey><key>S1994</key><type>CODE_SMELL</type><priority>CRITICAL</priority><parameters/></rule><rule><repositoryKey>java</repositoryKey><key>S2055</key><type>BUG</type><priority>MINOR</priority><parameters/></rule><rule><repositoryKey>java</repositoryKey><key>S2057</key><type>CODE_SMELL</type><priority>CRITICAL</priority><parameters/></rule><rule><repositoryKey>java</repositoryKey><key>S2060</key><type>BUG</type><priority>MAJOR</priority><parameters/></rule><rule><repositoryKey>java</repositoryKey><key>S2061</key><type>BUG</type><priority>MAJOR</priority><parameters/></rule><rule><repositoryKey>java</repositoryKey><key>S2063</key><type>CODE_SMELL</type><priority>CRITICAL</priority><parameters/></rule><rule><repositoryKey>java</repositoryKey><key>S2066</key><type>BUG</type><priority>MINOR</priority><parameters/></rule><rule><repositoryKey>java</repositoryKey><key>S2093</key><type>CODE_SMELL</type><priority>CRITICAL</priority><parameters/></rule><rule><repositoryKey>java</repositoryKey><key>S2095</key><type>BUG</type><priority>BLOCKER</priority><parameters/></rule><rule><repositoryKey>java</repositoryKey><key>S2096</key><type>CODE_SMELL</type><priority>BLOCKER</priority><parameters/></rule><rule><repositoryKey>java</repositoryKey><key>S2097</key><type>BUG</type><priority>MINOR</priority><parameters/></rule><rule><repositoryKey>java</repositoryKey><key>S2109</key><type>BUG</type><priority>MAJOR</priority><parameters/></rule><rule><repositoryKey>java</repositoryKey><key>S2110</key><type>BUG</type><priority>MAJOR</priority><parameters/></rule><rule><repositoryKey>java</repositoryKey><key>S2111</key><type>BUG</type><priority>MAJOR</priority><parameters/></rule><rule><repositoryKey>java</repositoryKey><key>S2114</key><type>BUG</type><priority>MAJOR</priority><parameters/></rule><rule><repositoryKey>java</repositoryKey><key>S2116</key><type>BUG</type><priority>MAJOR</priority><parameters/></rule><rule><repositoryKey>java</repositoryKey><key>S2118</key><type>BUG</type><priority>MAJOR</priority><parameters/></rule><rule><repositoryKey>java</repositoryKey><key>S2119</key><type>BUG</type><priority>CRITICAL</priority><parameters/></rule><rule><repositoryKey>java</repositoryKey><key>S2121</key><type>BUG</type><priority>MAJOR</priority><parameters/></rule><rule><repositoryKey>java</repositoryKey><key>S2122</key><type>BUG</type><priority>CRITICAL</priority><parameters/></rule><rule><repositoryKey>java</repositoryKey><key>S2123</key><type>BUG</type><priority>MAJOR</priority><parameters/></rule><rule><repositoryKey>java</repositoryKey><key>S2127</key><type>BUG</type><priority>MAJOR</priority><parameters/></rule><rule><repositoryKey>java</repositoryKey><key>S2134</key><type>BUG</type><priority>MAJOR</priority><parameters/></rule><rule><repositoryKey>java</repositoryKey><key>S2141</key><type>BUG</type><priority>MAJOR</priority><parameters/></rule><rule><repositoryKey>java</repositoryKey><key>S2142</key><type>BUG</type><priority>MAJOR</priority><parameters/></rule><rule><repositoryKey>java</repositoryKey><key>S2151</key><type>BUG</type><priority>CRITICAL</priority><parameters/></rule><rule><repositoryKey>java</repositoryKey><key>S2153</key><type>BUG</type><priority>MINOR</priority><parameters/></rule><rule><repositoryKey>java</repositoryKey><key>S2154</key><type>BUG</type><priority>MAJOR</priority><parameters/></rule><rule><repositoryKey>java</repositoryKey><key>S2157</key><type>CODE_SMELL</type><priority>CRITICAL</priority><parameters/></rule><rule><repositoryKey>java</repositoryKey><key>S2159</key><type>BUG</type><priority>MAJOR</priority><parameters/></rule><rule><repositoryKey>java</repositoryKey><key>S2162</key><type>BUG</type><priority>MINOR</priority><parameters/></rule><rule><repositoryKey>java</repositoryKey><key>S2164</key><type>BUG</type><priority>MINOR</priority><parameters/></rule><rule><repositoryKey>java</repositoryKey><key>S2167</key><type>BUG</type><priority>MINOR</priority><parameters/></rule><rule><repositoryKey>java</repositoryKey><key>S2168</key><type>BUG</type><priority>BLOCKER</priority><parameters/></rule><rule><repositoryKey>java</repositoryKey><key>S2175</key><type>BUG</type><priority>MAJOR</priority><parameters/></rule><rule><repositoryKey>java</repositoryKey><key>S2176</key><type>CODE_SMELL</type><priority>CRITICAL</priority><parameters/></rule><rule><repositoryKey>java</repositoryKey><key>S2177</key><type>BUG</type><priority>MAJOR</priority><parameters/></rule><rule><repositoryKey>java</repositoryKey><key>S2178</key><type>CODE_SMELL</type><priority>BLOCKER</priority><parameters/></rule><rule><repositoryKey>java</repositoryKey><key>S2183</key><type>BUG</type><priority>MINOR</priority><parameters/></rule><rule><repositoryKey>java</repositoryKey><key>S2184</key><type>BUG</type><priority>MINOR</priority><parameters/></rule><rule><repositoryKey>java</repositoryKey><key>S2187</key><type>CODE_SMELL</type><priority>BLOCKER</priority><parameters><parameter><key>TestClassNamePattern</key><value>.*(Test|Tests|TestCase)</value></parameter></parameters></rule><rule><repositoryKey>java</repositoryKey><key>S2188</key><type>CODE_SMELL</type><priority>BLOCKER</priority><parameters/></rule><rule><repositoryKey>java</repositoryKey><key>S2189</key><type>BUG</type><priority>BLOCKER</priority><parameters/></rule><rule><repositoryKey>java</repositoryKey><key>S2200</key><type>BUG</type><priority>MINOR</priority><parameters/></rule><rule><repositoryKey>java</repositoryKey><key>S2201</key><type>BUG</type><priority>MAJOR</priority><parameters/></rule><rule><repositoryKey>java</repositoryKey><key>S2204</key><type>BUG</type><priority>MAJOR</priority><parameters/></rule><rule><repositoryKey>java</repositoryKey><key>S2222</key><type>BUG</type><priority>CRITICAL</priority><parameters/></rule><rule><repositoryKey>java</repositoryKey><key>S2225</key><type>BUG</type><priority>MAJOR</priority><parameters/></rule><rule><repositoryKey>java</repositoryKey><key>S2226</key><type>BUG</type><priority>MAJOR</priority><parameters/></rule><rule><repositoryKey>java</repositoryKey><key>S2229</key><type>BUG</type><priority>BLOCKER</priority><parameters/></rule><rule><repositoryKey>java</repositoryKey><key>S2230</key><type>BUG</type><priority>MAJOR</priority><parameters/></rule><rule><repositoryKey>java</repositoryKey><key>S2236</key><type>BUG</type><priority>BLOCKER</priority><parameters/></rule><rule><repositoryKey>java</repositoryKey><key>S2251</key><type>BUG</type><priority>MAJOR</priority><parameters/></rule><rule><repositoryKey>java</repositoryKey><key>S2252</key><type>BUG</type><priority>MAJOR</priority><parameters/></rule><rule><repositoryKey>java</repositoryKey><key>S2259</key><type>BUG</type><priority>MAJOR</priority><parameters/></rule><rule><repositoryKey>java</repositoryKey><key>S2260</key><type>CODE_SMELL</type><priority>MAJOR</priority><parameters/></rule><rule><repositoryKey>java</repositoryKey><key>S2272</key><type>BUG</type><priority>MINOR</priority><parameters/></rule><rule><repositoryKey>java</repositoryKey><key>S2273</key><type>BUG</type><priority>MAJOR</priority><parameters/></rule><rule><repositoryKey>java</repositoryKey><key>S2274</key><type>CODE_SMELL</type><priority>CRITICAL</priority><parameters/></rule><rule><repositoryKey>java</repositoryKey><key>S2275</key><type>BUG</type><priority>BLOCKER</priority><parameters/></rule><rule><repositoryKey>java</repositoryKey><key>S2276</key><type>BUG</type><priority>BLOCKER</priority><parameters/></rule><rule><repositoryKey>java</repositoryKey><key>S2387</key><type>CODE_SMELL</type><priority>BLOCKER</priority><parameters/></rule><rule><repositoryKey>java</repositoryKey><key>S2390</key><type>CODE_SMELL</type><priority>CRITICAL</priority><parameters/></rule><rule><repositoryKey>java</repositoryKey><key>S2391</key><type>CODE_SMELL</type><priority>BLOCKER</priority><parameters/></rule><rule><repositoryKey>java</repositoryKey><key>S2437</key><type>CODE_SMELL</type><priority>BLOCKER</priority><parameters/></rule><rule><repositoryKey>java</repositoryKey><key>S2441</key><type>BUG</type><priority>MAJOR</priority><parameters/></rule><rule><repositoryKey>java</repositoryKey><key>S2445</key><type>BUG</type><priority>MAJOR</priority><parameters/></rule><rule><repositoryKey>java</repositoryKey><key>S2446</key><type>BUG</type><priority>MAJOR</priority><parameters/></rule><rule><repositoryKey>java</repositoryKey><key>S2447</key><type>CODE_SMELL</type><priority>CRITICAL</priority><parameters/></rule><rule><repositoryKey>java</repositoryKey><key>S2479</key><type>CODE_SMELL</type><priority>CRITICAL</priority><parameters/></rule><rule><repositoryKey>java</repositoryKey><key>S2583</key><type>BUG</type><priority>MAJOR</priority><parameters/></rule><rule><repositoryKey>java</repositoryKey><key>S2637</key><type>BUG</type><priority>MINOR</priority><parameters/></rule><rule><repositoryKey>java</repositoryKey><key>S2638</key><type>CODE_SMELL</type><priority>CRITICAL</priority><parameters/></rule><rule><repositoryKey>java</repositoryKey><key>S2639</key><type>BUG</type><priority>MAJOR</priority><parameters/></rule><rule><repositoryKey>java</repositoryKey><key>S2674</key><type>BUG</type><priority>MINOR</priority><parameters/></rule><rule><repositoryKey>java</repositoryKey><key>S2676</key><type>BUG</type><priority>MINOR</priority><parameters/></rule><rule><repositoryKey>java</repositoryKey><key>S2677</key><type>BUG</type><priority>MAJOR</priority><parameters/></rule><rule><repositoryKey>java</repositoryKey><key>S2689</key><type>BUG</type><priority>BLOCKER</priority><parameters/></rule><rule><repositoryKey>java</repositoryKey><key>S2692</key><type>CODE_SMELL</type><priority>CRITICAL</priority><parameters/></rule><rule><repositoryKey>java</repositoryKey><key>S2693</key><type>CODE_SMELL</type><priority>BLOCKER</priority><parameters/></rule><rule><repositoryKey>java</repositoryKey><key>S2695</key><type>BUG</type><priority>BLOCKER</priority><parameters/></rule><rule><repositoryKey>java</repositoryKey><key>S2696</key><type>CODE_SMELL</type><priority>CRITICAL</priority><parameters/></rule><rule><repositoryKey>java</repositoryKey><key>S2699</key><type>CODE_SMELL</type><priority>BLOCKER</priority><parameters/></rule><rule><repositoryKey>java</repositoryKey><key>S2757</key><type>BUG</type><priority>MAJOR</priority><parameters/></rule><rule><repositoryKey>java</repositoryKey><key>S2761</key><type>BUG</type><priority>MAJOR</priority><parameters/></rule><rule><repositoryKey>java</repositoryKey><key>S2789</key><type>BUG</type><priority>MAJOR</priority><parameters/></rule><rule><repositoryKey>java</repositoryKey><key>S2885</key><type>BUG</type><priority>MAJOR</priority><parameters/></rule><rule><repositoryKey>java</repositoryKey><key>S2886</key><type>BUG</type><priority>MAJOR</priority><parameters/></rule><rule><repositoryKey>java</repositoryKey><key>S2970</key><type>CODE_SMELL</type><priority>BLOCKER</priority><parameters/></rule><rule><repositoryKey>java</repositoryKey><key>S2975</key><type>CODE_SMELL</type><priority>BLOCKER</priority><parameters/></rule><rule><repositoryKey>java</repositoryKey><key>S3014</key><type>CODE_SMELL</type><priority>BLOCKER</priority><parameters/></rule><rule><repositoryKey>java</repositoryKey><key>S3020</key><type>BUG</type><priority>MINOR</priority><parameters/></rule><rule><repositoryKey>java</repositoryKey><key>S3032</key><type>BUG</type><priority>MINOR</priority><parameters/></rule><rule><repositoryKey>java</repositoryKey><key>S3034</key><type>BUG</type><priority>MAJOR</priority><parameters/></rule><rule><repositoryKey>java</repositoryKey><key>S3039</key><type>BUG</type><priority>MAJOR</priority><parameters/></rule><rule><repositoryKey>java</repositoryKey><key>S3046</key><type>BUG</type><priority>BLOCKER</priority><parameters/></rule><rule><repositoryKey>java</repositoryKey><key>S3064</key><type>BUG</type><priority>MAJOR</priority><parameters/></rule><rule><repositoryKey>java</repositoryKey><key>S3065</key><type>BUG</type><priority>MAJOR</priority><parameters/></rule><rule><repositoryKey>java</repositoryKey><key>S3067</key><type>BUG</type><priority>MAJOR</priority><parameters/></rule><rule><repositoryKey>java</repositoryKey><key>S3077</key><type>BUG</type><priority>MINOR</priority><parameters/></rule><rule><repositoryKey>java</repositoryKey><key>S3078</key><type>BUG</type><priority>MAJOR</priority><parameters/></rule><rule><repositoryKey>java</repositoryKey><key>S3252</key><type>CODE_SMELL</type><priority>CRITICAL</priority><parameters/></rule><rule><repositoryKey>java</repositoryKey><key>S3282</key><type>CODE_SMELL</type><priority>BLOCKER</priority><parameters/></rule><rule><repositoryKey>java</repositoryKey><key>S3305</key><type>CODE_SMELL</type><priority>CRITICAL</priority><parameters/></rule><rule><repositoryKey>java</repositoryKey><key>S3306</key><type>BUG</type><priority>MAJOR</priority><parameters/></rule><rule><repositoryKey>java</repositoryKey><key>S3346</key><type>BUG</type><priority>MAJOR</priority><parameters/></rule><rule><repositoryKey>java</repositoryKey><key>S3422</key><type>BUG</type><priority>CRITICAL</priority><parameters/></rule><rule><repositoryKey>java</repositoryKey><key>S3436</key><type>BUG</type><priority>MAJOR</priority><parameters/></rule><rule><repositoryKey>java</repositoryKey><key>S3438</key><type>BUG</type><priority>MAJOR</priority><parameters/></rule><rule><repositoryKey>java</repositoryKey><key>S3439</key><type>BUG</type><priority>MAJOR</priority><parameters/></rule><rule><repositoryKey>java</repositoryKey><key>S3516</key><type>CODE_SMELL</type><priority>BLOCKER</priority><parameters/></rule><rule><repositoryKey>java</repositoryKey><key>S3518</key><type>BUG</type><priority>CRITICAL</priority><parameters/></rule><rule><repositoryKey>java</repositoryKey><key>S3551</key><type>BUG</type><priority>MAJOR</priority><parameters/></rule><rule><repositoryKey>java</repositoryKey><key>S3599</key><type>BUG</type><priority>MINOR</priority><parameters/></rule><rule><repositoryKey>java</repositoryKey><key>S3655</key><type>BUG</type><priority>MAJOR</priority><parameters/></rule><rule><repositoryKey>java</repositoryKey><key>S3750</key><type>BUG</type><priority>MAJOR</priority><parameters/></rule><rule><repositoryKey>java</repositoryKey><key>S3753</key><type>BUG</type><priority>BLOCKER</priority><parameters/></rule><rule><repositoryKey>java</repositoryKey><key>S3776</key><type>CODE_SMELL</type><priority>CRITICAL</priority><parameters><parameter><key>Threshold</key><value>20</value></parameter></parameters></rule><rule><repositoryKey>java</repositoryKey><key>S3822</key><type>BUG</type><priority>CRITICAL</priority><parameters/></rule><rule><repositoryKey>java</repositoryKey><key>S3923</key><type>BUG</type><priority>MAJOR</priority><parameters/></rule><rule><repositoryKey>java</repositoryKey><key>S3937</key><type>CODE_SMELL</type><priority>CRITICAL</priority><parameters/></rule><rule><repositoryKey>java</repositoryKey><key>S3958</key><type>BUG</type><priority>MAJOR</priority><parameters/></rule><rule><repositoryKey>java</repositoryKey><key>S3959</key><type>BUG</type><priority>MAJOR</priority><parameters/></rule><rule><repositoryKey>java</repositoryKey><key>S3972</key><type>CODE_SMELL</type><priority>CRITICAL</priority><parameters/></rule><rule><repositoryKey>java</repositoryKey><key>S3981</key><type>BUG</type><priority>MAJOR</priority><parameters/></rule><rule><repositoryKey>java</repositoryKey><key>S3984</key><type>BUG</type><priority>MAJOR</priority><parameters/></rule><rule><repositoryKey>java</repositoryKey><key>S3986</key><type>BUG</type><priority>MAJOR</priority><parameters/></rule><rule><repositoryKey>java</repositoryKey><key>S4143</key><type>BUG</type><priority>MAJOR</priority><parameters/></rule><rule><repositoryKey>java</repositoryKey><key>S4275</key><type>BUG</type><priority>CRITICAL</priority><parameters/></rule><rule><repositoryKey>java</repositoryKey><key>S4348</key><type>BUG</type><priority>MAJOR</priority><parameters/></rule><rule><repositoryKey>java</repositoryKey><key>S4351</key><type>BUG</type><priority>MAJOR</priority><parameters/></rule><rule><repositoryKey>java</repositoryKey><key>S4517</key><type>BUG</type><priority>MAJOR</priority><parameters/></rule><rule><repositoryKey>java</repositoryKey><key>S4524</key><type>CODE_SMELL</type><priority>CRITICAL</priority><parameters/></rule><rule><repositoryKey>java</repositoryKey><key>S4602</key><type>BUG</type><priority>BLOCKER</priority><parameters/></rule><rule><repositoryKey>java</repositoryKey><key>S4635</key><type>CODE_SMELL</type><priority>CRITICAL</priority><parameters/></rule><rule><repositoryKey>java</repositoryKey><key>S4970</key><type>CODE_SMELL</type><priority>CRITICAL</priority><parameters/></rule><rule><repositoryKey>java</repositoryKey><key>S4973</key><type>BUG</type><priority>MAJOR</priority><parameters/></rule><rule><repositoryKey>java</repositoryKey><key>S5164</key><type>BUG</type><priority>MAJOR</priority><parameters/></rule><rule><repositoryKey>java</repositoryKey><key>S5361</key><type>CODE_SMELL</type><priority>CRITICAL</priority><parameters/></rule><rule><repositoryKey>java</repositoryKey><key>S5779</key><type>BUG</type><priority>CRITICAL</priority><parameters/></rule><rule><repositoryKey>java</repositoryKey><key>S5783</key><type>BUG</type><priority>CRITICAL</priority><parameters/></rule><rule><repositoryKey>java</repositoryKey><key>S5790</key><type>BUG</type><priority>CRITICAL</priority><parameters/></rule><rule><repositoryKey>java</repositoryKey><key>S5810</key><type>BUG</type><priority>MAJOR</priority><parameters/></rule><rule><repositoryKey>java</repositoryKey><key>S5831</key><type>BUG</type><priority>MAJOR</priority><parameters/></rule><rule><repositoryKey>java</repositoryKey><key>S5833</key><type>BUG</type><priority>MAJOR</priority><parameters/></rule><rule><repositoryKey>java</repositoryKey><key>S5840</key><type>BUG</type><priority>CRITICAL</priority><parameters/></rule><rule><repositoryKey>java</repositoryKey><key>S5841</key><type>BUG</type><priority>MINOR</priority><parameters/></rule><rule><repositoryKey>java</repositoryKey><key>S5842</key><type>BUG</type><priority>MINOR</priority><parameters/></rule><rule><repositoryKey>java</repositoryKey><key>S5845</key><type>BUG</type><priority>CRITICAL</priority><parameters/></rule><rule><repositoryKey>java</repositoryKey><key>S5850</key><type>BUG</type><priority>MAJOR</priority><parameters/></rule><rule><repositoryKey>java</repositoryKey><key>S5856</key><type>BUG</type><priority>CRITICAL</priority><parameters/></rule><rule><repositoryKey>java</repositoryKey><key>S5863</key><type>BUG</type><priority>MAJOR</priority><parameters/></rule><rule><repositoryKey>java</repositoryKey><key>S5866</key><type>BUG</type><priority>MAJOR</priority><parameters/></rule><rule><repositoryKey>java</repositoryKey><key>S5868</key><type>BUG</type><priority>MAJOR</priority><parameters/></rule><rule><repositoryKey>java</repositoryKey><key>S5960</key><type>BUG</type><priority>MAJOR</priority><parameters/></rule><rule><repositoryKey>java</repositoryKey><key>S5967</key><type>BUG</type><priority>MAJOR</priority><parameters/></rule><rule><repositoryKey>java</repositoryKey><key>S5969</key><type>CODE_SMELL</type><priority>CRITICAL</priority><parameters/></rule><rule><repositoryKey>java</repositoryKey><key>S888</key><type>CODE_SMELL</type><priority>CRITICAL</priority><parameters/></rule><rule><repositoryKey>java</repositoryKey><key>S899</key><type>BUG</type><priority>MINOR</priority><parameters/></rule><rule><repositoryKey>k2view-java</repositoryKey><key>K2AvoidAccessingSameTable</key><type>CODE_SMELL</type><priority>MAJOR</priority><parameters/></rule><rule><repositoryKey>k2view-java</repositoryKey><key>K2AvoidAllowFiltering</key><type>CODE_SMELL</type><priority>CRITICAL</priority><parameters/></rule><rule><repositoryKey>k2view-java</repositoryKey><key>K2AvoidComplexQuery</key><type>CODE_SMELL</type><priority>CRITICAL</priority><parameters/></rule><rule><repositoryKey>k2view-java</repositoryKey><key>K2AvoidCreatingKafkaConsumersInstances</key><type>CODE_SMELL</type><priority>MINOR</priority><parameters/></rule><rule><repositoryKey>k2view-java</repositoryKey><key>K2AvoidDeprecatedFun</key><type>CODE_SMELL</type><priority>MAJOR</priority><parameters/></rule><rule><repositoryKey>k2view-java</repositoryKey><key>K2AvoidSetSyncOffOn</key><type>CODE_SMELL</type><priority>MAJOR</priority><parameters/></rule><rule><repositoryKey>k2view-java</repositoryKey><key>K2AvoidSlctCnt4ExstRcrd</key><type>CODE_SMELL</type><priority>CRITICAL</priority><parameters/></rule><rule><repositoryKey>k2view-java</repositoryKey><key>K2CombineTwoLists</key><type>CODE_SMELL</type><priority>MINOR</priority><parameters/></rule><rule><repositoryKey>k2view-java</repositoryKey><key>K2CopyUsingFabricCommand</key><type>CODE_SMELL</type><priority>MAJOR</priority><parameters/></rule><rule><repositoryKey>k2view-java</repositoryKey><key>K2EmptyCatch</key><type>CODE_SMELL</type><priority>CRITICAL</priority><parameters/></rule><rule><repositoryKey>k2view-java</repositoryKey><key>K2FabricIntrfc4Ws</key><type>CODE_SMELL</type><priority>BLOCKER</priority><parameters/></rule><rule><repositoryKey>k2view-java</repositoryKey><key>K2GetIIDUsingBinding</key><type>CODE_SMELL</type><priority>BLOCKER</priority><parameters/></rule><rule><repositoryKey>k2view-java</repositoryKey><key>K2IIDFNoQWhenNoMultiDC</key><type>CODE_SMELL</type><priority>MINOR</priority><parameters/></rule><rule><repositoryKey>k2view-java</repositoryKey><key>K2KafkaProducerRule</key><type>CODE_SMELL</type><priority>MINOR</priority><parameters/></rule><rule><repositoryKey>k2view-java</repositoryKey><key>K2LudbFuncUnusedInputParameters</key><type>CODE_SMELL</type><priority>MINOR</priority><parameters/></rule><rule><repositoryKey>k2view-java</repositoryKey><key>K2ResourceCloseCheck</key><type>CODE_SMELL</type><priority>BLOCKER</priority><parameters/></rule><rule><repositoryKey>k2view-java</repositoryKey><key>K2RootFunctionInput</key><type>CODE_SMELL</type><priority>MINOR</priority><parameters/></rule><rule><repositoryKey>k2view-java</repositoryKey><key>K2SelectOneValueOrRow</key><type>CODE_SMELL</type><priority>CRITICAL</priority><parameters/></rule><rule><repositoryKey>k2view-java</repositoryKey><key>K2SelectUsingBinding</key><type>CODE_SMELL</type><priority>BLOCKER</priority><parameters/></rule><rule><repositoryKey>k2view-java</repositoryKey><key>K2UseDeleteOnTruncateCassandra</key><type>CODE_SMELL</type><priority>MINOR</priority><parameters/></rule><rule><repositoryKey>k2view-java</repositoryKey><key>K2UseGraphit</key><type>CODE_SMELL</type><priority>MINOR</priority><parameters/></rule><rule><repositoryKey>k2view-java</repositoryKey><key>K2forDebuggingOnly</key><type>CODE_SMELL</type><priority>MAJOR</priority><parameters/></rule></rules></profile>