<?xml version='1.0' encoding='UTF-8'?><profile><name>K2JavaProfile</name><language>java</language><rules><rule><repositoryKey>common-java</repositoryKey><key>FailedUnitTests</key><priority>MAJOR</priority><parameters/></rule><rule><repositoryKey>java</repositoryKey><key>S1067</key><priority>CRITICAL</priority><parameters><parameter><key>max</key><value>3</value></parameter></parameters></rule><rule><repositoryKey>java</repositoryKey><key>S1111</key><priority>MAJOR</priority><parameters/></rule><rule><repositoryKey>java</repositoryKey><key>S1113</key><priority>CRITICAL</priority><parameters/></rule><rule><repositoryKey>java</repositoryKey><key>S1114</key><priority>CRITICAL</priority><parameters/></rule><rule><repositoryKey>java</repositoryKey><key>S1143</key><priority>CRITICAL</priority><parameters/></rule><rule><repositoryKey>java</repositoryKey><key>S1145</key><priority>MAJOR</priority><parameters/></rule><rule><repositoryKey>java</repositoryKey><key>S1147</key><priority>BLOCKER</priority><parameters/></rule><rule><repositoryKey>java</repositoryKey><key>S115</key><priority>CRITICAL</priority><parameters><parameter><key>format</key><value>^[A-Z][A-Z0-9]*(_[A-Z0-9]+)*$</value></parameter></parameters></rule><rule><repositoryKey>java</repositoryKey><key>S1163</key><priority>CRITICAL</priority><parameters/></rule><rule><repositoryKey>java</repositoryKey><key>S1174</key><priority>CRITICAL</priority><parameters/></rule><rule><repositoryKey>java</repositoryKey><key>S1175</key><priority>CRITICAL</priority><parameters/></rule><rule><repositoryKey>java</repositoryKey><key>S1186</key><priority>CRITICAL</priority><parameters/></rule><rule><repositoryKey>java</repositoryKey><key>S1190</key><priority>BLOCKER</priority><parameters/></rule><rule><repositoryKey>java</repositoryKey><key>S1192</key><priority>CRITICAL</priority><parameters><parameter><key>threshold</key><value>3</value></parameter></parameters></rule><rule><repositoryKey>java</repositoryKey><key>S1201</key><priority>MAJOR</priority><parameters/></rule><rule><repositoryKey>java</repositoryKey><key>S1206</key><priority>MINOR</priority><parameters/></rule><rule><repositoryKey>java</repositoryKey><key>S121</key><priority>CRITICAL</priority><parameters/></rule><rule><repositoryKey>java</repositoryKey><key>S1214</key><priority>CRITICAL</priority><parameters/></rule><rule><repositoryKey>java</repositoryKey><key>S1215</key><priority>CRITICAL</priority><parameters/></rule><rule><repositoryKey>java</repositoryKey><key>S1217</key><priority>MAJOR</priority><parameters/></rule><rule><repositoryKey>java</repositoryKey><key>S1219</key><priority>BLOCKER</priority><parameters/></rule><rule><repositoryKey>java</repositoryKey><key>S1221</key><priority>MAJOR</priority><parameters/></rule><rule><repositoryKey>java</repositoryKey><key>S1226</key><priority>MINOR</priority><parameters/></rule><rule><repositoryKey>java</repositoryKey><key>S1244</key><priority>MAJOR</priority><parameters/></rule><rule><repositoryKey>java</repositoryKey><key>S128</key><priority>BLOCKER</priority><parameters/></rule><rule><repositoryKey>java</repositoryKey><key>S131</key><priority>CRITICAL</priority><parameters/></rule><rule><repositoryKey>java</repositoryKey><key>S1311</key><priority>CRITICAL</priority><parameters><parameter><key>max</key><value>200</value></parameter></parameters></rule><rule><repositoryKey>java</repositoryKey><key>S1314</key><priority>BLOCKER</priority><parameters/></rule><rule><repositoryKey>java</repositoryKey><key>S1317</key><priority>MAJOR</priority><parameters/></rule><rule><repositoryKey>java</repositoryKey><key>S134</key><priority>CRITICAL</priority><parameters><parameter><key>max</key><value>3</value></parameter></parameters></rule><rule><repositoryKey>java</repositoryKey><key>S1541</key><priority>CRITICAL</priority><parameters><parameter><key>Threshold</key><value>10</value></parameter></parameters></rule><rule><repositoryKey>java</repositoryKey><key>S1656</key><priority>MAJOR</priority><parameters/></rule><rule><repositoryKey>java</repositoryKey><key>S1697</key><priority>MAJOR</priority><parameters/></rule><rule><repositoryKey>java</repositoryKey><key>S1699</key><priority>CRITICAL</priority><parameters/></rule><rule><repositoryKey>java</repositoryKey><key>S1751</key><priority>MAJOR</priority><parameters/></rule><rule><repositoryKey>java</repositoryKey><key>S1764</key><priority>MAJOR</priority><parameters/></rule><rule><repositoryKey>java</repositoryKey><key>S1821</key><priority>CRITICAL</priority><parameters/></rule><rule><repositoryKey>java</repositoryKey><key>S1845</key><priority>BLOCKER</priority><parameters/></rule><rule><repositoryKey>java</repositoryKey><key>S1849</key><priority>MAJOR</priority><parameters/></rule><rule><repositoryKey>java</repositoryKey><key>S1850</key><priority>MAJOR</priority><parameters/></rule><rule><repositoryKey>java</repositoryKey><key>S1860</key><priority>MAJOR</priority><parameters/></rule><rule><repositoryKey>java</repositoryKey><key>S1862</key><priority>MAJOR</priority><parameters/></rule><rule><repositoryKey>java</repositoryKey><key>S1872</key><priority>MAJOR</priority><parameters/></rule><rule><repositoryKey>java</repositoryKey><key>S1994</key><priority>CRITICAL</priority><parameters/></rule><rule><repositoryKey>java</repositoryKey><key>S2055</key><priority>MINOR</priority><parameters/></rule><rule><repositoryKey>java</repositoryKey><key>S2057</key><priority>CRITICAL</priority><parameters/></rule><rule><repositoryKey>java</repositoryKey><key>S2060</key><priority>MAJOR</priority><parameters/></rule><rule><repositoryKey>java</repositoryKey><key>S2061</key><priority>MAJOR</priority><parameters/></rule><rule><repositoryKey>java</repositoryKey><key>S2063</key><priority>CRITICAL</priority><parameters/></rule><rule><repositoryKey>java</repositoryKey><key>S2066</key><priority>MINOR</priority><parameters/></rule><rule><repositoryKey>java</repositoryKey><key>S2093</key><priority>CRITICAL</priority><parameters/></rule><rule><repositoryKey>java</repositoryKey><key>S2095</key><priority>BLOCKER</priority><parameters/></rule><rule><repositoryKey>java</repositoryKey><key>S2096</key><priority>BLOCKER</priority><parameters/></rule><rule><repositoryKey>java</repositoryKey><key>S2097</key><priority>MINOR</priority><parameters/></rule><rule><repositoryKey>java</repositoryKey><key>S2109</key><priority>MAJOR</priority><parameters/></rule><rule><repositoryKey>java</repositoryKey><key>S2110</key><priority>MAJOR</priority><parameters/></rule><rule><repositoryKey>java</repositoryKey><key>S2111</key><priority>MAJOR</priority><parameters/></rule><rule><repositoryKey>java</repositoryKey><key>S2114</key><priority>MAJOR</priority><parameters/></rule><rule><repositoryKey>java</repositoryKey><key>S2116</key><priority>MAJOR</priority><parameters/></rule><rule><repositoryKey>java</repositoryKey><key>S2118</key><priority>MAJOR</priority><parameters/></rule><rule><repositoryKey>java</repositoryKey><key>S2119</key><priority>CRITICAL</priority><parameters/></rule><rule><repositoryKey>java</repositoryKey><key>S2121</key><priority>MAJOR</priority><parameters/></rule><rule><repositoryKey>java</repositoryKey><key>S2122</key><priority>CRITICAL</priority><parameters/></rule><rule><repositoryKey>java</repositoryKey><key>S2123</key><priority>MAJOR</priority><parameters/></rule><rule><repositoryKey>java</repositoryKey><key>S2127</key><priority>MAJOR</priority><parameters/></rule><rule><repositoryKey>java</repositoryKey><key>S2134</key><priority>MAJOR</priority><parameters/></rule><rule><repositoryKey>java</repositoryKey><key>S2141</key><priority>MAJOR</priority><parameters/></rule><rule><repositoryKey>java</repositoryKey><key>S2142</key><priority>MAJOR</priority><parameters/></rule><rule><repositoryKey>java</repositoryKey><key>S2151</key><priority>CRITICAL</priority><parameters/></rule><rule><repositoryKey>java</repositoryKey><key>S2153</key><priority>MINOR</priority><parameters/></rule><rule><repositoryKey>java</repositoryKey><key>S2154</key><priority>MAJOR</priority><parameters/></rule><rule><repositoryKey>java</repositoryKey><key>S2157</key><priority>CRITICAL</priority><parameters/></rule><rule><repositoryKey>java</repositoryKey><key>S2159</key><priority>MAJOR</priority><parameters/></rule><rule><repositoryKey>java</repositoryKey><key>S2162</key><priority>MINOR</priority><parameters/></rule><rule><repositoryKey>java</repositoryKey><key>S2164</key><priority>MINOR</priority><parameters/></rule><rule><repositoryKey>java</repositoryKey><key>S2167</key><priority>MINOR</priority><parameters/></rule><rule><repositoryKey>java</repositoryKey><key>S2168</key><priority>BLOCKER</priority><parameters/></rule><rule><repositoryKey>java</repositoryKey><key>S2175</key><priority>MAJOR</priority><parameters/></rule><rule><repositoryKey>java</repositoryKey><key>S2176</key><priority>CRITICAL</priority><parameters/></rule><rule><repositoryKey>java</repositoryKey><key>S2177</key><priority>MAJOR</priority><parameters/></rule><rule><repositoryKey>java</repositoryKey><key>S2178</key><priority>BLOCKER</priority><parameters/></rule><rule><repositoryKey>java</repositoryKey><key>S2183</key><priority>MINOR</priority><parameters/></rule><rule><repositoryKey>java</repositoryKey><key>S2184</key><priority>MINOR</priority><parameters/></rule><rule><repositoryKey>java</repositoryKey><key>S2187</key><priority>BLOCKER</priority><parameters><parameter><key>TestClassNamePattern</key><value>.*(Test|Tests|TestCase)</value></parameter></parameters></rule><rule><repositoryKey>java</repositoryKey><key>S2188</key><priority>BLOCKER</priority><parameters/></rule><rule><repositoryKey>java</repositoryKey><key>S2189</key><priority>BLOCKER</priority><parameters/></rule><rule><repositoryKey>java</repositoryKey><key>S2200</key><priority>MINOR</priority><parameters/></rule><rule><repositoryKey>java</repositoryKey><key>S2201</key><priority>MAJOR</priority><parameters/></rule><rule><repositoryKey>java</repositoryKey><key>S2204</key><priority>MAJOR</priority><parameters/></rule><rule><repositoryKey>java</repositoryKey><key>S2222</key><priority>CRITICAL</priority><parameters/></rule><rule><repositoryKey>java</repositoryKey><key>S2225</key><priority>MAJOR</priority><parameters/></rule><rule><repositoryKey>java</repositoryKey><key>S2226</key><priority>MAJOR</priority><parameters/></rule><rule><repositoryKey>java</repositoryKey><key>S2229</key><priority>BLOCKER</priority><parameters/></rule><rule><repositoryKey>java</repositoryKey><key>S2230</key><priority>MAJOR</priority><parameters/></rule><rule><repositoryKey>java</repositoryKey><key>S2236</key><priority>BLOCKER</priority><parameters/></rule><rule><repositoryKey>java</repositoryKey><key>S2251</key><priority>MAJOR</priority><parameters/></rule><rule><repositoryKey>java</repositoryKey><key>S2252</key><priority>MAJOR</priority><parameters/></rule><rule><repositoryKey>java</repositoryKey><key>S2259</key><priority>MAJOR</priority><parameters/></rule><rule><repositoryKey>java</repositoryKey><key>S2260</key><priority>MAJOR</priority><parameters/></rule><rule><repositoryKey>java</repositoryKey><key>S2272</key><priority>MINOR</priority><parameters/></rule><rule><repositoryKey>java</repositoryKey><key>S2273</key><priority>MAJOR</priority><parameters/></rule><rule><repositoryKey>java</repositoryKey><key>S2274</key><priority>CRITICAL</priority><parameters/></rule><rule><repositoryKey>java</repositoryKey><key>S2275</key><priority>BLOCKER</priority><parameters/></rule><rule><repositoryKey>java</repositoryKey><key>S2276</key><priority>BLOCKER</priority><parameters/></rule><rule><repositoryKey>java</repositoryKey><key>S2387</key><priority>BLOCKER</priority><parameters/></rule><rule><repositoryKey>java</repositoryKey><key>S2390</key><priority>CRITICAL</priority><parameters/></rule><rule><repositoryKey>java</repositoryKey><key>S2391</key><priority>BLOCKER</priority><parameters/></rule><rule><repositoryKey>java</repositoryKey><key>S2437</key><priority>BLOCKER</priority><parameters/></rule><rule><repositoryKey>java</repositoryKey><key>S2441</key><priority>MAJOR</priority><parameters/></rule><rule><repositoryKey>java</repositoryKey><key>S2445</key><priority>MAJOR</priority><parameters/></rule><rule><repositoryKey>java</repositoryKey><key>S2446</key><priority>MAJOR</priority><parameters/></rule><rule><repositoryKey>java</repositoryKey><key>S2447</key><priority>CRITICAL</priority><parameters/></rule><rule><repositoryKey>java</repositoryKey><key>S2479</key><priority>CRITICAL</priority><parameters/></rule><rule><repositoryKey>java</repositoryKey><key>S2583</key><priority>MAJOR</priority><parameters/></rule><rule><repositoryKey>java</repositoryKey><key>S2637</key><priority>MINOR</priority><parameters/></rule><rule><repositoryKey>java</repositoryKey><key>S2638</key><priority>CRITICAL</priority><parameters/></rule><rule><repositoryKey>java</repositoryKey><key>S2639</key><priority>MAJOR</priority><parameters/></rule><rule><repositoryKey>java</repositoryKey><key>S2674</key><priority>MINOR</priority><parameters/></rule><rule><repositoryKey>java</repositoryKey><key>S2676</key><priority>MINOR</priority><parameters/></rule><rule><repositoryKey>java</repositoryKey><key>S2677</key><priority>MAJOR</priority><parameters/></rule><rule><repositoryKey>java</repositoryKey><key>S2689</key><priority>BLOCKER</priority><parameters/></rule><rule><repositoryKey>java</repositoryKey><key>S2692</key><priority>CRITICAL</priority><parameters/></rule><rule><repositoryKey>java</repositoryKey><key>S2693</key><priority>BLOCKER</priority><parameters/></rule><rule><repositoryKey>java</repositoryKey><key>S2695</key><priority>BLOCKER</priority><parameters/></rule><rule><repositoryKey>java</repositoryKey><key>S2696</key><priority>CRITICAL</priority><parameters/></rule><rule><repositoryKey>java</repositoryKey><key>S2699</key><priority>BLOCKER</priority><parameters/></rule><rule><repositoryKey>java</repositoryKey><key>S2757</key><priority>MAJOR</priority><parameters/></rule><rule><repositoryKey>java</repositoryKey><key>S2761</key><priority>MAJOR</priority><parameters/></rule><rule><repositoryKey>java</repositoryKey><key>S2789</key><priority>MAJOR</priority><parameters/></rule><rule><repositoryKey>java</repositoryKey><key>S2885</key><priority>MAJOR</priority><parameters/></rule><rule><repositoryKey>java</repositoryKey><key>S2886</key><priority>MAJOR</priority><parameters/></rule><rule><repositoryKey>java</repositoryKey><key>S2970</key><priority>BLOCKER</priority><parameters/></rule><rule><repositoryKey>java</repositoryKey><key>S2975</key><priority>BLOCKER</priority><parameters/></rule><rule><repositoryKey>java</repositoryKey><key>S3014</key><priority>BLOCKER</priority><parameters/></rule><rule><repositoryKey>java</repositoryKey><key>S3020</key><priority>MINOR</priority><parameters/></rule><rule><repositoryKey>java</repositoryKey><key>S3032</key><priority>MINOR</priority><parameters/></rule><rule><repositoryKey>java</repositoryKey><key>S3034</key><priority>MAJOR</priority><parameters/></rule><rule><repositoryKey>java</repositoryKey><key>S3039</key><priority>MAJOR</priority><parameters/></rule><rule><repositoryKey>java</repositoryKey><key>S3046</key><priority>BLOCKER</priority><parameters/></rule><rule><repositoryKey>java</repositoryKey><key>S3064</key><priority>MAJOR</priority><parameters/></rule><rule><repositoryKey>java</repositoryKey><key>S3065</key><priority>MAJOR</priority><parameters/></rule><rule><repositoryKey>java</repositoryKey><key>S3067</key><priority>MAJOR</priority><parameters/></rule><rule><repositoryKey>java</repositoryKey><key>S3077</key><priority>MINOR</priority><parameters/></rule><rule><repositoryKey>java</repositoryKey><key>S3078</key><priority>MAJOR</priority><parameters/></rule><rule><repositoryKey>java</repositoryKey><key>S3252</key><priority>CRITICAL</priority><parameters/></rule><rule><repositoryKey>java</repositoryKey><key>S3282</key><priority>BLOCKER</priority><parameters/></rule><rule><repositoryKey>java</repositoryKey><key>S3305</key><priority>CRITICAL</priority><parameters/></rule><rule><repositoryKey>java</repositoryKey><key>S3306</key><priority>MAJOR</priority><parameters/></rule><rule><repositoryKey>java</repositoryKey><key>S3346</key><priority>MAJOR</priority><parameters/></rule><rule><repositoryKey>java</repositoryKey><key>S3422</key><priority>CRITICAL</priority><parameters/></rule><rule><repositoryKey>java</repositoryKey><key>S3436</key><priority>MAJOR</priority><parameters/></rule><rule><repositoryKey>java</repositoryKey><key>S3438</key><priority>MAJOR</priority><parameters/></rule><rule><repositoryKey>java</repositoryKey><key>S3439</key><priority>MAJOR</priority><parameters/></rule><rule><repositoryKey>java</repositoryKey><key>S3516</key><priority>BLOCKER</priority><parameters/></rule><rule><repositoryKey>java</repositoryKey><key>S3518</key><priority>CRITICAL</priority><parameters/></rule><rule><repositoryKey>java</repositoryKey><key>S3551</key><priority>MAJOR</priority><parameters/></rule><rule><repositoryKey>java</repositoryKey><key>S3599</key><priority>MINOR</priority><parameters/></rule><rule><repositoryKey>java</repositoryKey><key>S3655</key><priority>MAJOR</priority><parameters/></rule><rule><repositoryKey>java</repositoryKey><key>S3750</key><priority>MAJOR</priority><parameters/></rule><rule><repositoryKey>java</repositoryKey><key>S3753</key><priority>BLOCKER</priority><parameters/></rule><rule><repositoryKey>java</repositoryKey><key>S3776</key><priority>CRITICAL</priority><parameters><parameter><key>Threshold</key><value>20</value></parameter></parameters></rule><rule><repositoryKey>java</repositoryKey><key>S3822</key><priority>CRITICAL</priority><parameters/></rule><rule><repositoryKey>java</repositoryKey><key>S3923</key><priority>MAJOR</priority><parameters/></rule><rule><repositoryKey>java</repositoryKey><key>S3937</key><priority>CRITICAL</priority><parameters/></rule><rule><repositoryKey>java</repositoryKey><key>S3958</key><priority>MAJOR</priority><parameters/></rule><rule><repositoryKey>java</repositoryKey><key>S3959</key><priority>MAJOR</priority><parameters/></rule><rule><repositoryKey>java</repositoryKey><key>S3972</key><priority>CRITICAL</priority><parameters/></rule><rule><repositoryKey>java</repositoryKey><key>S3981</key><priority>MAJOR</priority><parameters/></rule><rule><repositoryKey>java</repositoryKey><key>S3984</key><priority>MAJOR</priority><parameters/></rule><rule><repositoryKey>java</repositoryKey><key>S3986</key><priority>MAJOR</priority><parameters/></rule><rule><repositoryKey>java</repositoryKey><key>S4143</key><priority>MAJOR</priority><parameters/></rule><rule><repositoryKey>java</repositoryKey><key>S4275</key><priority>CRITICAL</priority><parameters/></rule><rule><repositoryKey>java</repositoryKey><key>S4348</key><priority>MAJOR</priority><parameters/></rule><rule><repositoryKey>java</repositoryKey><key>S4351</key><priority>MAJOR</priority><parameters/></rule><rule><repositoryKey>java</repositoryKey><key>S4517</key><priority>MAJOR</priority><parameters/></rule><rule><repositoryKey>java</repositoryKey><key>S4524</key><priority>CRITICAL</priority><parameters/></rule><rule><repositoryKey>java</repositoryKey><key>S4602</key><priority>BLOCKER</priority><parameters/></rule><rule><repositoryKey>java</repositoryKey><key>S4635</key><priority>CRITICAL</priority><parameters/></rule><rule><repositoryKey>java</repositoryKey><key>S4970</key><priority>CRITICAL</priority><parameters/></rule><rule><repositoryKey>java</repositoryKey><key>S4973</key><priority>MAJOR</priority><parameters/></rule><rule><repositoryKey>java</repositoryKey><key>S5164</key><priority>MAJOR</priority><parameters/></rule><rule><repositoryKey>java</repositoryKey><key>S5361</key><priority>CRITICAL</priority><parameters/></rule><rule><repositoryKey>java</repositoryKey><key>S5779</key><priority>CRITICAL</priority><parameters/></rule><rule><repositoryKey>java</repositoryKey><key>S5783</key><priority>CRITICAL</priority><parameters/></rule><rule><repositoryKey>java</repositoryKey><key>S5790</key><priority>CRITICAL</priority><parameters/></rule><rule><repositoryKey>java</repositoryKey><key>S5810</key><priority>MAJOR</priority><parameters/></rule><rule><repositoryKey>java</repositoryKey><key>S5831</key><priority>MAJOR</priority><parameters/></rule><rule><repositoryKey>java</repositoryKey><key>S5833</key><priority>MAJOR</priority><parameters/></rule><rule><repositoryKey>java</repositoryKey><key>S5840</key><priority>CRITICAL</priority><parameters/></rule><rule><repositoryKey>java</repositoryKey><key>S5841</key><priority>MINOR</priority><parameters/></rule><rule><repositoryKey>java</repositoryKey><key>S5842</key><priority>MINOR</priority><parameters/></rule><rule><repositoryKey>java</repositoryKey><key>S5845</key><priority>CRITICAL</priority><parameters/></rule><rule><repositoryKey>java</repositoryKey><key>S5850</key><priority>MAJOR</priority><parameters/></rule><rule><repositoryKey>java</repositoryKey><key>S5856</key><priority>CRITICAL</priority><parameters/></rule><rule><repositoryKey>java</repositoryKey><key>S5863</key><priority>MAJOR</priority><parameters/></rule><rule><repositoryKey>java</repositoryKey><key>S5866</key><priority>MAJOR</priority><parameters/></rule><rule><repositoryKey>java</repositoryKey><key>S5868</key><priority>MAJOR</priority><parameters/></rule><rule><repositoryKey>java</repositoryKey><key>S5960</key><priority>MAJOR</priority><parameters/></rule><rule><repositoryKey>java</repositoryKey><key>S5967</key><priority>MAJOR</priority><parameters/></rule><rule><repositoryKey>java</repositoryKey><key>S5969</key><priority>CRITICAL</priority><parameters/></rule><rule><repositoryKey>java</repositoryKey><key>S888</key><priority>CRITICAL</priority><parameters/></rule><rule><repositoryKey>java</repositoryKey><key>S899</key><priority>MINOR</priority><parameters/></rule><rule><repositoryKey>k2view-java</repositoryKey><key>K2AvoidAccessingSameTable</key><priority>MAJOR</priority><parameters/></rule><rule><repositoryKey>k2view-java</repositoryKey><key>K2AvoidAllowFiltering</key><priority>CRITICAL</priority><parameters/></rule><rule><repositoryKey>k2view-java</repositoryKey><key>K2AvoidComplexQuery</key><priority>CRITICAL</priority><parameters/></rule><rule><repositoryKey>k2view-java</repositoryKey><key>K2AvoidCreatingKafkaConsumersInstances</key><priority>MINOR</priority><parameters/></rule><rule><repositoryKey>k2view-java</repositoryKey><key>K2AvoidDeprecatedFun</key><priority>MAJOR</priority><parameters/></rule><rule><repositoryKey>k2view-java</repositoryKey><key>K2AvoidSetSyncOffOn</key><priority>MAJOR</priority><parameters/></rule><rule><repositoryKey>k2view-java</repositoryKey><key>K2AvoidSlctCnt4ExstRcrd</key><priority>CRITICAL</priority><parameters/></rule><rule><repositoryKey>k2view-java</repositoryKey><key>K2EmptyCatch</key><priority>CRITICAL</priority><parameters/></rule><rule><repositoryKey>k2view-java</repositoryKey><key>K2FabricIntrfc4Ws</key><priority>BLOCKER</priority><parameters/></rule><rule><repositoryKey>k2view-java</repositoryKey><key>K2GetIIDUsingBinding</key><priority>BLOCKER</priority><parameters/></rule><rule><repositoryKey>k2view-java</repositoryKey><key>K2IIDFNoQWhenNoMultiDC</key><priority>MINOR</priority><parameters/></rule><rule><repositoryKey>k2view-java</repositoryKey><key>K2ResourceCloseCheck</key><priority>BLOCKER</priority><parameters/></rule><rule><repositoryKey>k2view-java</repositoryKey><key>K2SelectOneValueOrRow</key><priority>CRITICAL</priority><parameters/></rule><rule><repositoryKey>k2view-java</repositoryKey><key>K2SelectUsingBinding</key><priority>BLOCKER</priority><parameters/></rule><rule><repositoryKey>k2view-java</repositoryKey><key>K2UseGraphit</key><priority>MINOR</priority><parameters/></rule><rule><repositoryKey>k2view-java</repositoryKey><key>K2forDebuggingOnly</key><priority>MINOR</priority><parameters/></rule></rules></profile>