<?xml version='1.0' encoding='UTF-8'?><profile><name>K2 XML Custom Profile</name><language>xml</language><rules><rule><repositoryKey>xml</repositoryKey><key>K2CassandraInterfaceServersCheck</key><priority>MAJOR</priority><parameters/></rule><rule><repositoryKey>xml</repositoryKey><key>K2IIDFinderDecisionFunctionSchemaLevel</key><priority>BLOCKER</priority><parameters/></rule><rule><repositoryKey>xml</repositoryKey><key>K2IIDFinderKafkaDetails</key><priority>MINOR</priority><parameters/></rule><rule><repositoryKey>xml</repositoryKey><key>K2IIDFinderReduceLevels</key><priority>INFO</priority><parameters/></rule><rule><repositoryKey>xml</repositoryKey><key>K2IIDFinderRootSetting</key><priority>MAJOR</priority><parameters/></rule><rule><repositoryKey>xml</repositoryKey><key>K2IIDFinderSourceAvailableAttr</key><priority>MAJOR</priority><parameters/></rule><rule><repositoryKey>xml</repositoryKey><key>K2IIDFinderStoreSettingRule</key><priority>MAJOR</priority><parameters/></rule><rule><repositoryKey>xml</repositoryKey><key>K2LUSyncLargeTimeOut</key><priority>MINOR</priority><parameters/></rule><rule><repositoryKey>xml</repositoryKey><key>K2LUSyncTimeOutNotSet</key><priority>MAJOR</priority><parameters/></rule><rule><repositoryKey>xml</repositoryKey><key>K2PopCassandraFullRefresh</key><priority>MAJOR</priority><parameters/></rule><rule><repositoryKey>xml</repositoryKey><key>K2PopLudbDecisionFunc</key><priority>MAJOR</priority><parameters/></rule><rule><repositoryKey>xml</repositoryKey><key>K2SecurityCassandraInterfaceCheck</key><priority>CRITICAL</priority><parameters/></rule></rules></profile>