{
  "Content": {
    "content_id": "19d319a4-bdf7-7a92-163e-06722bf35f66",
    "content_type": 0,
    "report_type": 5,
    "content_attribute": null,
    "name": "NewCasesKPIExpr",
    "description": "",
    "text_content": "<?xml version=\"1.0\"?>\n<ExpressView xmlns:xsd=\"http://www.w3.org/2001/XMLSchema\" xmlns:xsi=\"http://www.w3.org/2001/XMLSchema-instance\">\n  <FolderId>00000000-0000-0000-0000-000000000000</FolderId>\n  <GroupByFields />\n  <Columns>\n    <ExpressViewColumn>\n      <ColumnText>CASES_2.CASE_ID</ColumnText>\n      <Width>-1</Width>\n      <AggType>DistinctCount</AggType>\n      <DetailDataFormat>\n        <decimalSymbol>.</decimalSymbol>\n        <Type>General</Type>\n        <DecimalPlaces>0</DecimalPlaces>\n        <UseSeparator>true</UseSeparator>\n        <SeparatorSymbol>,</SeparatorSymbol>\n        <UseCurrency>false</UseCurrency>\n        <CurrencySymbol>$</CurrencySymbol>\n        <DecimalSymbol>.</DecimalSymbol>\n        <BlankWhenZero>false</BlankWhenZero>\n        <UsePercentSign>false</UsePercentSign>\n        <UseNegativeSymbol>true</UseNegativeSymbol>\n        <UseNegativeParens>false</UseNegativeParens>\n        <NegativeColor />\n        <DateTimeFormat />\n      </DetailDataFormat>\n      <FootersDataFormat>\n        <decimalSymbol>.</decimalSymbol>\n        <Type>General</Type>\n        <DecimalPlaces>0</DecimalPlaces>\n        <UseSeparator>true</UseSeparator>\n        <SeparatorSymbol>,</SeparatorSymbol>\n        <UseCurrency>false</UseCurrency>\n        <CurrencySymbol>$</CurrencySymbol>\n        <DecimalSymbol>.</DecimalSymbol>\n        <BlankWhenZero>false</BlankWhenZero>\n        <UsePercentSign>false</UsePercentSign>\n        <UseNegativeSymbol>true</UseNegativeSymbol>\n        <UseNegativeParens>false</UseNegativeParens>\n        <NegativeColor />\n        <DateTimeFormat />\n      </FootersDataFormat>\n      <HorizontalAlign>Right</HorizontalAlign>\n      <HeaderFontFormat>\n        <Weight>Normal</Weight>\n        <Underline>None</Underline>\n      </HeaderFontFormat>\n      <DetailChunkFontFormat>\n        <Weight>Normal</Weight>\n        <Underline>None</Underline>\n      </DetailChunkFontFormat>\n      <GroupFootersDropdownFontFormat>\n        <Weight>Normal</Weight>\n        <Underline>None</Underline>\n      </GroupFootersDropdownFontFormat>\n      <ReportFooterDropdownFontFormat>\n        <Weight>Bold</Weight>\n        <Underline>None</Underline>\n      </ReportFooterDropdownFontFormat>\n    </ExpressViewColumn>\n  </Columns>\n  <AllFilters>\n    <ExpressViewFilter>\n      <FilterText>CUSTOMER_2.CUSTOMER_ID</FilterText>\n      <Operator>et</Operator>\n      <Values>\n        <string>@customer_id@</string>\n      </Values>\n      <Title>CUSTOMER.CUSTOMER_ID</Title>\n    </ExpressViewFilter>\n  </AllFilters>\n  <AnyFilters>\n    <ExpressViewFilter>\n      <FilterText>CASES_2.STATUS</FilterText>\n      <Operator>net</Operator>\n      <Values>\n        <string>Closed</string>\n      </Values>\n      <Title>CASES.STATUS</Title>\n    </ExpressViewFilter>\n  </AnyFilters>\n  <TopNFilter>\n    <Direction>Top</Direction>\n    <N>10</N>\n    <AggType>Values</AggType>\n    <FilterField />\n    <ForEachGroups />\n  </TopNFilter>\n  <Sorts />\n  <Formatting>\n    <ThemeName>-1</ThemeName>\n    <PreviewColors>\n      <string>#ECEDEF</string>\n      <string>#F6F6F7</string>\n      <string>#EDF2FD</string>\n    </PreviewColors>\n    <ColumnHeaders>\n      <FontColor>#474F61</FontColor>\n      <BackgroundColor>#ECEDEF</BackgroundColor>\n      <BorderColor>#C7CACF</BorderColor>\n    </ColumnHeaders>\n    <DataRows>\n      <FontColor>#474F61</FontColor>\n      <BackgroundColor>#FFFFFF</BackgroundColor>\n      <BorderColor>#E5E6E7</BorderColor>\n    </DataRows>\n    <GroupSections>\n      <FontColor>#474F61</FontColor>\n      <BackgroundColor>#F6F6F7</BackgroundColor>\n      <BorderColor>#C7CACF</BorderColor>\n    </GroupSections>\n    <ReportTotals>\n      <FontColor>#474F61</FontColor>\n      <BackgroundColor>#EDF2FD</BackgroundColor>\n      <BorderColor>#91AAE2</BorderColor>\n    </ReportTotals>\n    <GroupDivider>#8AA4E1</GroupDivider>\n    <ContentBorder>#C7CACF</ContentBorder>\n    <DataDivider>#C7CACF</DataDivider>\n    <CanvasBackground>#F1F1F3</CanvasBackground>\n  </Formatting>\n  <GlobalFontFamily>Palatino Linotype</GlobalFontFamily>\n  <GroupTotalLabelsFontFormat>\n    <Weight>Normal</Weight>\n    <Underline>None</Underline>\n  </GroupTotalLabelsFontFormat>\n  <ReportTotalLabelFontFormat>\n    <Weight>Bold</Weight>\n    <Underline>None</Underline>\n  </ReportTotalLabelFontFormat>\n  <ExportSettings>\n    <PageSize>Letter</PageSize>\n    <PageOrientation>Portrait</PageOrientation>\n    <FitToPageWidth>true</FitToPageWidth>\n    <IncludeSetupInfo>No</IncludeSetupInfo>\n    <NoDataQualifiedMode>ShowMessage</NoDataQualifiedMode>\n    <FlattenGroupsInExcelAndCsv>true</FlattenGroupsInExcelAndCsv>\n    <StyleCellsInExcel>true</StyleCellsInExcel>\n  </ExportSettings>\n  <UseTopN>false</UseTopN>\n  <IncludeDetailRows>false</IncludeDetailRows>\n  <ShowGroupFooters>true</ShowGroupFooters>\n  <ShowReportFooter>true</ShowReportFooter>\n  <Id>19d319a4-bdf7-7a92-163e-06722bf35f66</Id>\n  <Description />\n  <FilterDescription />\n  <ReportType>ExpressView</ReportType>\n  <ExportType>Default</ExportType>\n  <ReportTreeShortcut>Default</ReportTreeShortcut>\n  <AllowOutputPdf>true</AllowOutputPdf>\n  <AllowOutputCsv>true</AllowOutputCsv>\n  <AllowOutputExcel>true</AllowOutputExcel>\n  <AllowOutputRtf>true</AllowOutputRtf>\n  <CustomEntities>\n    <webreports />\n  </CustomEntities>\n  <CustomJoins>\n    <webreports />\n  </CustomJoins>\n  <Api />\n</ExpressView>",
    "bit_content": null,
    "deleted_flag": true,
    "created_date": "2021-10-07T09:26:07",
    "created_by": "user",
    "modified_date": "2021-10-07T09:33:51",
    "modified_by": "user",
    "owner_id": "",
    "exports_allowed": 31,
    "inherit_flag": false,
    "default_party_type_id": null,
    "default_access_flags": 0,
    "extended_attributes": null,
    "default_export_type": 0,
    "report_tree_shortcut_action": 0,
    "use_cache_execution": false,
    "is_cache_valid": null,
    "associated_reports": null
  },
  "Access": [
    {
      "content_id": "19d319a4-bdf7-7a92-163e-06722bf35f66",
      "parent_id": "2b85ff51-a221-488f-bbcb-2c31e45c8fa0",
      "party_type_id": 1,
      "party_id": null,
      "sort_order": 0,
      "access_flags": 1885,
      "child_inherits": false,
      "parentname": "DemoProj",
      "contentname": "NewCasesKPIExpr"
    }
  ]
}