{
  "Content": {
    "content_id": "28873af0-2e37-ecc1-6497-f0fc16427850",
    "content_type": 0,
    "report_type": 2,
    "content_attribute": null,
    "name": "Customer Dashboard",
    "description": null,
    "text_content": "<?xml version=\"1.0\"?>\n<DashboardReport xmlns:xsd=\"http://www.w3.org/2001/XMLSchema\" xmlns:xsi=\"http://www.w3.org/2001/XMLSchema-instance\">\n  <FolderId>00000000-0000-0000-0000-000000000000</FolderId>\n  <ParameterPrompts />\n  <FilterPrompts />\n  <Version>1</Version>\n  <Layout>\n    <EmptyItems />\n    <TextItems />\n    <AdvancedReportItems>\n      <DashboardAdvancedReportItem>\n        <Id>792771682</Id>\n        <Bounds>\n          <height>0.064516129032258063</height>\n          <width>0.56521739130434789</width>\n          <top>0.048387096774193547</top>\n          <left>0.010869565217391304</left>\n        </Bounds>\n        <Format>\n          <Title />\n          <ShowTitleOnOutput>false</ShowTitleOnOutput>\n          <TileFit>All</TileFit>\n          <TitleFont>Palatino Linotype</TitleFont>\n          <TitleFontSize>14</TitleFontSize>\n          <TitleFontColor>#545454</TitleFontColor>\n          <TitleFontWeight>Normal</TitleFontWeight>\n          <TitleHorizontalAlign>Center</TitleHorizontalAlign>\n          <TitleUnderline>None</TitleUnderline>\n          <HasTileBackground>true</HasTileBackground>\n          <TileBackgroundColor>#FFFFFF</TileBackgroundColor>\n          <TileBackgroundOpacity>100</TileBackgroundOpacity>\n          <HasTileTitleBackground>true</HasTileTitleBackground>\n          <TileTitleBackgroundColor>#FFFFFF</TileTitleBackgroundColor>\n          <TileTitleBackgroundOpacity>100</TileTitleBackgroundOpacity>\n          <Borders>\n            <ShowBorders>false</ShowBorders>\n            <UniformBorders>true</UniformBorders>\n            <UniformBorderColor>#d7d7d7</UniformBorderColor>\n            <UniformBorderWeight>2</UniformBorderWeight>\n            <TopBorderColor>#d7d7d7</TopBorderColor>\n            <TopBorderWeight>2</TopBorderWeight>\n            <BottomBorderColor>#d7d7d7</BottomBorderColor>\n            <BottomBorderWeight>2</BottomBorderWeight>\n            <LeftBorderColor>#d7d7d7</LeftBorderColor>\n            <LeftBorderWeight>2</LeftBorderWeight>\n            <RightBorderColor>#d7d7d7</RightBorderColor>\n            <RightBorderWeight>2</RightBorderWeight>\n            <BorderRadius>3</BorderRadius>\n          </Borders>\n          <HasTileShadow>false</HasTileShadow>\n          <MinimumColumnWidth>100</MinimumColumnWidth>\n        </Format>\n        <AllowAlign>false</AllowAlign>\n        <IsAnchor>false</IsAnchor>\n        <IsAnchorable>false</IsAnchorable>\n        <AllowElementInteraction>false</AllowElementInteraction>\n        <Report>Demo\\General</Report>\n        <ReportId>b5a7797c-38d1-448f-b7ad-2eafa3225f87</ReportId>\n        <TitleText />\n        <AllowSearching>false</AllowSearching>\n        <AllowScrolling>true</AllowScrolling>\n        <DesignSuppressExecution>false</DesignSuppressExecution>\n        <AutoSizeExecution>true</AutoSizeExecution>\n        <ReloadInterval>0</ReloadInterval>\n        <FilterValues />\n        <ParameterValues />\n        <FilterPrompts />\n        <ParameterPrompts />\n      </DashboardAdvancedReportItem>\n    </AdvancedReportItems>\n    <ExpressViewItems />\n    <ImageItems />\n    <UrlItems />\n    <FilterItems>\n      <DashboardFilterItem>\n        <Id>1871510762</Id>\n        <Bounds>\n          <height>0.064516129032258063</height>\n          <width>0.25</width>\n          <top>0.048387096774193547</top>\n          <left>0.58695652173913049</left>\n        </Bounds>\n        <Format>\n          <Title />\n          <ShowTitleOnOutput>false</ShowTitleOnOutput>\n          <TileFit>All</TileFit>\n          <TitleFont>Palatino Linotype</TitleFont>\n          <TitleFontSize>14</TitleFontSize>\n          <TitleFontColor>#545454</TitleFontColor>\n          <TitleFontWeight>Normal</TitleFontWeight>\n          <TitleHorizontalAlign>Center</TitleHorizontalAlign>\n          <TitleUnderline>None</TitleUnderline>\n          <HasTileBackground>true</HasTileBackground>\n          <TileBackgroundColor>#FFFFFF</TileBackgroundColor>\n          <TileBackgroundOpacity>100</TileBackgroundOpacity>\n          <HasTileTitleBackground>true</HasTileTitleBackground>\n          <TileTitleBackgroundColor>#FFFFFF</TileTitleBackgroundColor>\n          <TileTitleBackgroundOpacity>100</TileTitleBackgroundOpacity>\n          <Borders>\n            <ShowBorders>false</ShowBorders>\n            <UniformBorders>true</UniformBorders>\n            <UniformBorderColor>#d7d7d7</UniformBorderColor>\n            <UniformBorderWeight>2</UniformBorderWeight>\n            <TopBorderColor>#d7d7d7</TopBorderColor>\n            <TopBorderWeight>2</TopBorderWeight>\n            <BottomBorderColor>#d7d7d7</BottomBorderColor>\n            <BottomBorderWeight>2</BottomBorderWeight>\n            <LeftBorderColor>#d7d7d7</LeftBorderColor>\n            <LeftBorderWeight>2</LeftBorderWeight>\n            <RightBorderColor>#d7d7d7</RightBorderColor>\n            <RightBorderWeight>2</RightBorderWeight>\n            <BorderRadius>3</BorderRadius>\n          </Borders>\n          <HasTileShadow>false</HasTileShadow>\n          <MinimumColumnWidth>100</MinimumColumnWidth>\n        </Format>\n        <AllowAlign>false</AllowAlign>\n        <IsAnchor>false</IsAnchor>\n        <IsAnchorable>false</IsAnchorable>\n        <AllowElementInteraction>false</AllowElementInteraction>\n        <FieldName>CUSTOMER_2.CUSTOMER_ID</FieldName>\n        <Break />\n        <PullReportSettings>false</PullReportSettings>\n        <Operator>0</Operator>\n        <Values>\n          <string>@customer_id@</string>\n        </Values>\n        <FilterLevel>Dashboard</FilterLevel>\n        <Prompting>false</Prompting>\n        <Interactive>true</Interactive>\n        <WithOperator>false</WithOperator>\n        <DataType>0</DataType>\n        <ReportTiles>\n          <int>64065376</int>\n        </ReportTiles>\n        <InteractiveBasicStyle>SingleSlider</InteractiveBasicStyle>\n        <IsFromReport>false</IsFromReport>\n        <ReportFilterIndex>-1</ReportFilterIndex>\n        <Orientation>Horizontal</Orientation>\n        <ContentFormatting>\n          <FontFamily>Palatino Linotype</FontFamily>\n          <FontSize>15</FontSize>\n          <FontColor>#545454</FontColor>\n          <FontWeight>Normal</FontWeight>\n          <HorizontalAlign>Center</HorizontalAlign>\n          <VerticalAlign>Middle</VerticalAlign>\n          <Underline>None</Underline>\n          <WrapText>true</WrapText>\n        </ContentFormatting>\n        <DataFormat>\n          <decimalSymbol>.</decimalSymbol>\n          <Type>General</Type>\n          <DecimalPlaces>0</DecimalPlaces>\n          <UseSeparator>true</UseSeparator>\n          <SeparatorSymbol>,</SeparatorSymbol>\n          <UseCurrency>false</UseCurrency>\n          <CurrencySymbol>$</CurrencySymbol>\n          <DecimalSymbol>.</DecimalSymbol>\n          <BlankWhenZero>false</BlankWhenZero>\n          <UsePercentSign>false</UsePercentSign>\n          <UseNegativeSymbol>true</UseNegativeSymbol>\n          <UseNegativeParens>false</UseNegativeParens>\n          <NegativeColor />\n          <DateTimeFormat />\n        </DataFormat>\n        <SortDirection>ascending</SortDirection>\n        <PullFromDatabase>false</PullFromDatabase>\n        <FilterTitle />\n        <SelectorColor>#4E80F4</SelectorColor>\n        <HasReportLevelParameter>false</HasReportLevelParameter>\n      </DashboardFilterItem>\n    </FilterItems>\n    <VisualizationItems>\n      <DashboardVisualizationItem>\n        <Id>64065376</Id>\n        <Bounds>\n          <height>0.40322580645161288</height>\n          <width>0.56521739130434778</width>\n          <top>0.11290083135391923</top>\n          <left>0.010859496879875195</left>\n        </Bounds>\n        <Format>\n          <Title>Visualization 1</Title>\n          <ShowTitleOnOutput>false</ShowTitleOnOutput>\n          <TileFit>All</TileFit>\n          <TitleFont>Palatino Linotype</TitleFont>\n          <TitleFontSize>14</TitleFontSize>\n          <TitleFontColor>#545454</TitleFontColor>\n          <TitleFontWeight>Normal</TitleFontWeight>\n          <TitleHorizontalAlign>Center</TitleHorizontalAlign>\n          <TitleUnderline>None</TitleUnderline>\n          <HasTileBackground>true</HasTileBackground>\n          <TileBackgroundColor>#FFFFFF</TileBackgroundColor>\n          <TileBackgroundOpacity>100</TileBackgroundOpacity>\n          <HasTileTitleBackground>true</HasTileTitleBackground>\n          <TileTitleBackgroundColor>#FFFFFF</TileTitleBackgroundColor>\n          <TileTitleBackgroundOpacity>100</TileTitleBackgroundOpacity>\n          <Borders>\n            <ShowBorders>false</ShowBorders>\n            <UniformBorders>true</UniformBorders>\n            <UniformBorderColor>#d7d7d7</UniformBorderColor>\n            <UniformBorderWeight>2</UniformBorderWeight>\n            <TopBorderColor>#d7d7d7</TopBorderColor>\n            <TopBorderWeight>2</TopBorderWeight>\n            <BottomBorderColor>#d7d7d7</BottomBorderColor>\n            <BottomBorderWeight>2</BottomBorderWeight>\n            <LeftBorderColor>#d7d7d7</LeftBorderColor>\n            <LeftBorderWeight>2</LeftBorderWeight>\n            <RightBorderColor>#d7d7d7</RightBorderColor>\n            <RightBorderWeight>2</RightBorderWeight>\n            <BorderRadius>3</BorderRadius>\n          </Borders>\n          <HasTileShadow>false</HasTileShadow>\n          <MinimumColumnWidth>100</MinimumColumnWidth>\n        </Format>\n        <AllowAlign>false</AllowAlign>\n        <IsAnchor>false</IsAnchor>\n        <IsAnchorable>false</IsAnchorable>\n        <AllowElementInteraction>false</AllowElementInteraction>\n        <UdfData />\n        <ReloadInterval>0</ReloadInterval>\n        <AllowSearching>false</AllowSearching>\n        <ChartType>column</ChartType>\n        <SuppressDetail>true</SuppressDetail>\n        <DataLabels>\n          <DashboardVisualizationDataObject>\n            <Id>66a8c2ee-49d6-bc37-7f04-2fd19629bef3</Id>\n            <FieldText>CASES_2.STATUS</FieldText>\n            <DataType>0</DataType>\n            <AggType>Count</AggType>\n            <SeriesName />\n            <Sort>Asc</Sort>\n            <IsAggFormula>false</IsAggFormula>\n            <DataFormat>\n              <Format>General</Format>\n              <UseDecimal>true</UseDecimal>\n              <DecimalPlaces>2</DecimalPlaces>\n              <DecimalSymbol>.</DecimalSymbol>\n              <UseSeparator>false</UseSeparator>\n              <SeparatorSymbol>,</SeparatorSymbol>\n              <UseCurrency>false</UseCurrency>\n              <CurrencySymbol>$</CurrencySymbol>\n              <UsePercentSign>false</UsePercentSign>\n              <DateTimeFormat />\n              <DateFormat />\n            </DataFormat>\n          </DashboardVisualizationDataObject>\n        </DataLabels>\n        <DataValues>\n          <DashboardVisualizationDataObject>\n            <Id>91b8e121-550e-b9f1-915e-261c10f588ce</Id>\n            <FieldText>CASES_2.CASE_ID</FieldText>\n            <DataType>5</DataType>\n            <AggType>Count</AggType>\n            <SeriesName />\n            <Sort>None</Sort>\n            <IsAggFormula>false</IsAggFormula>\n            <DataFormat>\n              <Format>General</Format>\n              <UseDecimal>true</UseDecimal>\n              <DecimalPlaces>2</DecimalPlaces>\n              <DecimalSymbol>.</DecimalSymbol>\n              <UseSeparator>false</UseSeparator>\n              <SeparatorSymbol>,</SeparatorSymbol>\n              <UseCurrency>false</UseCurrency>\n              <CurrencySymbol>$</CurrencySymbol>\n              <UsePercentSign>false</UsePercentSign>\n              <DateTimeFormat />\n              <DateFormat />\n            </DataFormat>\n          </DashboardVisualizationDataObject>\n        </DataValues>\n        <VizStyle>\n          <ShowChartTitle>false</ShowChartTitle>\n          <ChartTitle />\n          <ChartTitlePosition>TopCenter</ChartTitlePosition>\n          <ChartTitleFontFamily>Roboto</ChartTitleFontFamily>\n          <ChartTitleFontColor>#5a5a5a</ChartTitleFontColor>\n          <ChartTitleFontSize>18</ChartTitleFontSize>\n          <ShowSubtitle>false</ShowSubtitle>\n          <Subtitle />\n          <SubtitleFontFamily>Roboto</SubtitleFontFamily>\n          <SubtitleFontColor>#5a5a5a</SubtitleFontColor>\n          <SubtitleFontSize>12</SubtitleFontSize>\n          <ShowAxesLabels>true</ShowAxesLabels>\n          <XAxisTitle />\n          <YAxisTitle />\n          <AxisLabelFontFamily>Roboto</AxisLabelFontFamily>\n          <AxisLabelFontColor>#888888</AxisLabelFontColor>\n          <AxisLabelFontSize>11</AxisLabelFontSize>\n          <AxisLabelDisplay>auto</AxisLabelDisplay>\n          <PointLabelsContent>None</PointLabelsContent>\n          <LegendDisplay>Right</LegendDisplay>\n          <Is3D>false</Is3D>\n          <DataColorInfo>\n            <Type>Theme</Type>\n            <ThemeName>-2</ThemeName>\n            <LinearRangeColors>\n              <string>#ff0000</string>\n              <string>#0000ff</string>\n            </LinearRangeColors>\n            <CustomColors>\n              <string>#ecdfbd</string>\n              <string>#20457c</string>\n              <string>#3b3a35</string>\n              <string>#fb6648</string>\n              <string>#5e3448</string>\n            </CustomColors>\n          </DataColorInfo>\n          <NumberFormat>\n            <KPIValueFormat>expanded</KPIValueFormat>\n            <UseDecimal>false</UseDecimal>\n            <DecimalSymbol>.</DecimalSymbol>\n            <DecimalPlaces>2</DecimalPlaces>\n            <UseSeparator>false</UseSeparator>\n            <SeparatorSymbol>,</SeparatorSymbol>\n            <UseCurrency>false</UseCurrency>\n            <CurrencySymbol>$</CurrencySymbol>\n            <UsePercentSign>false</UsePercentSign>\n          </NumberFormat>\n        </VizStyle>\n        <VizAdvanced>\n          <LimitValues>false</LimitValues>\n          <ValueAxisMin>0</ValueAxisMin>\n          <ValueAxisMax>0</ValueAxisMax>\n          <ExcludeValues>false</ExcludeValues>\n          <ExcludeLessThan>0</ExcludeLessThan>\n          <ExcludeGreaterThan>0</ExcludeGreaterThan>\n          <SortDataBy>None</SortDataBy>\n          <SortDataByDirection>Ascending</SortDataByDirection>\n          <UseScroll>false</UseScroll>\n        </VizAdvanced>\n        <AdvancedVisualizationFilters />\n      </DashboardVisualizationItem>\n    </VisualizationItems>\n  </Layout>\n  <ParameterModels />\n  <CanvasFormat>\n    <CanvasFit>All</CanvasFit>\n    <CanvasHeight>842</CanvasHeight>\n    <CanvasWidth>1282</CanvasWidth>\n    <CanvasBackgroundColor>#EFEFEF</CanvasBackgroundColor>\n    <CanvasBackgroundOpacity>100</CanvasBackgroundOpacity>\n    <DefaultTileHasBackground>true</DefaultTileHasBackground>\n    <DefaultTileBackgroundColor>#FFFFFF</DefaultTileBackgroundColor>\n    <DefaultTileBackgroundOpacity>100</DefaultTileBackgroundOpacity>\n    <DefaultTileTitleBackgroundColor>#FFFFFF</DefaultTileTitleBackgroundColor>\n    <DefaultTileTitleBackgroundOpacity>100</DefaultTileTitleBackgroundOpacity>\n    <DefaultTileBorders>\n      <ShowBorders>false</ShowBorders>\n      <UniformBorders>true</UniformBorders>\n      <UniformBorderColor>#d7d7d7</UniformBorderColor>\n      <UniformBorderWeight>2</UniformBorderWeight>\n      <TopBorderColor>#d7d7d7</TopBorderColor>\n      <TopBorderWeight>2</TopBorderWeight>\n      <BottomBorderColor>#d7d7d7</BottomBorderColor>\n      <BottomBorderWeight>2</BottomBorderWeight>\n      <LeftBorderColor>#d7d7d7</LeftBorderColor>\n      <LeftBorderWeight>2</LeftBorderWeight>\n      <RightBorderColor>#d7d7d7</RightBorderColor>\n      <RightBorderWeight>2</RightBorderWeight>\n      <BorderRadius>3</BorderRadius>\n    </DefaultTileBorders>\n    <DefaultTileHasShadows>false</DefaultTileHasShadows>\n    <IsGridSnappingEnabled>true</IsGridSnappingEnabled>\n    <IsDashboardReflowEnabled>false</IsDashboardReflowEnabled>\n  </CanvasFormat>\n  <Main>\n    <Id>28873af0-2e37-ecc1-6497-f0fc16427850</Id>\n    <ReportId>28873af0-2e37-ecc1-6497-f0fc16427850</ReportId>\n    <ReportType>Dashboard</ReportType>\n    <ExportType>Html</ExportType>\n  </Main>\n  <Api />\n  <Id>28873af0-2e37-ecc1-6497-f0fc16427850</Id>\n</DashboardReport>",
    "bit_content": null,
    "deleted_flag": true,
    "created_date": "2021-07-29T13:35:30",
    "created_by": "user",
    "modified_date": "2021-08-04T08:22:43",
    "modified_by": "user",
    "owner_id": "",
    "exports_allowed": 0,
    "inherit_flag": false,
    "default_party_type_id": null,
    "default_access_flags": 0,
    "extended_attributes": null,
    "default_export_type": 0,
    "report_tree_shortcut_action": 0,
    "use_cache_execution": false,
    "is_cache_valid": null,
    "associated_reports": "b5a7797c-38d1-448f-b7ad-2eafa3225f87"
  },
  "Access": [
    {
      "content_id": "28873af0-2e37-ecc1-6497-f0fc16427850",
      "parent_id": "2b85ff51-a221-488f-bbcb-2c31e45c8fa0",
      "party_type_id": 1,
      "party_id": null,
      "sort_order": 0,
      "access_flags": 1885,
      "child_inherits": false,
      "parentname": "DemoProj",
      "contentname": "Customer Dashboard"
    }
  ]
}