{
  "Content": {
    "content_id": "32f6c6a7-3225-a67b-d7d5-bcef6b3d7abf",
    "content_type": 0,
    "report_type": 2,
    "content_attribute": null,
    "name": "Dashbrd-v0",
    "description": null,
    "text_content": "<?xml version=\"1.0\"?>\n<DashboardReport xmlns:xsd=\"http://www.w3.org/2001/XMLSchema\" xmlns:xsi=\"http://www.w3.org/2001/XMLSchema-instance\">\n  <FolderId>00000000-0000-0000-0000-000000000000</FolderId>\n  <ParameterPrompts />\n  <FilterPrompts />\n  <Version>1</Version>\n  <Layout>\n    <EmptyItems />\n    <TextItems />\n    <AdvancedReportItems>\n      <DashboardAdvancedReportItem>\n        <Id>832974705</Id>\n        <Bounds>\n          <height>0.30645161290322581</height>\n          <width>0.58695652173913038</width>\n          <top>0.016129032258064516</top>\n          <left>0.17391304347826086</left>\n        </Bounds>\n        <Format>\n          <Title />\n          <ShowTitleOnOutput>false</ShowTitleOnOutput>\n          <TileFit>All</TileFit>\n          <TitleFont>Palatino Linotype</TitleFont>\n          <TitleFontSize>14</TitleFontSize>\n          <TitleFontColor>#545454</TitleFontColor>\n          <TitleFontWeight>Normal</TitleFontWeight>\n          <TitleHorizontalAlign>Center</TitleHorizontalAlign>\n          <TitleUnderline>None</TitleUnderline>\n          <HasTileBackground>true</HasTileBackground>\n          <TileBackgroundColor>#FFFFFF</TileBackgroundColor>\n          <TileBackgroundOpacity>100</TileBackgroundOpacity>\n          <HasTileTitleBackground>true</HasTileTitleBackground>\n          <TileTitleBackgroundColor>#FFFFFF</TileTitleBackgroundColor>\n          <TileTitleBackgroundOpacity>100</TileTitleBackgroundOpacity>\n          <Borders>\n            <ShowBorders>false</ShowBorders>\n            <UniformBorders>true</UniformBorders>\n            <UniformBorderColor>#EAEAEA</UniformBorderColor>\n            <UniformBorderWeight>2</UniformBorderWeight>\n            <TopBorderColor>#d7d7d7</TopBorderColor>\n            <TopBorderWeight>2</TopBorderWeight>\n            <BottomBorderColor>#d7d7d7</BottomBorderColor>\n            <BottomBorderWeight>2</BottomBorderWeight>\n            <LeftBorderColor>#d7d7d7</LeftBorderColor>\n            <LeftBorderWeight>2</LeftBorderWeight>\n            <RightBorderColor>#d7d7d7</RightBorderColor>\n            <RightBorderWeight>2</RightBorderWeight>\n            <BorderRadius>6</BorderRadius>\n          </Borders>\n          <HasTileShadow>true</HasTileShadow>\n          <MinimumColumnWidth>100</MinimumColumnWidth>\n        </Format>\n        <AllowAlign>false</AllowAlign>\n        <IsAnchor>false</IsAnchor>\n        <IsAnchorable>false</IsAnchorable>\n        <AllowElementInteraction>false</AllowElementInteraction>\n        <Report>Demo Proj\\General</Report>\n        <ReportId>e5f555ac-793f-4253-81ee-2f691eba1960</ReportId>\n        <TitleText />\n        <AllowSearching>false</AllowSearching>\n        <AllowScrolling>true</AllowScrolling>\n        <DesignSuppressExecution>false</DesignSuppressExecution>\n        <AutoSizeExecution>true</AutoSizeExecution>\n        <ReloadInterval>0</ReloadInterval>\n        <FilterValues />\n        <ParameterValues />\n        <FilterPrompts />\n        <ParameterPrompts />\n      </DashboardAdvancedReportItem>\n      <DashboardAdvancedReportItem>\n        <Id>1402115767</Id>\n        <Bounds>\n          <height>0.32258064516129031</height>\n          <width>0.32608695652173914</width>\n          <top>0.33870967741935487</top>\n          <left>0.010869565217391304</left>\n        </Bounds>\n        <Format>\n          <Title>Subscribers by Type</Title>\n          <ShowTitleOnOutput>false</ShowTitleOnOutput>\n          <TileFit>All</TileFit>\n          <TitleFont>Verdana</TitleFont>\n          <TitleFontSize>14</TitleFontSize>\n          <TitleFontColor>#2E2E2E</TitleFontColor>\n          <TitleFontWeight>Bold</TitleFontWeight>\n          <TitleHorizontalAlign>Center</TitleHorizontalAlign>\n          <TitleUnderline>None</TitleUnderline>\n          <HasTileBackground>true</HasTileBackground>\n          <TileBackgroundColor>#FFFFFF</TileBackgroundColor>\n          <TileBackgroundOpacity>100</TileBackgroundOpacity>\n          <HasTileTitleBackground>true</HasTileTitleBackground>\n          <TileTitleBackgroundColor>#FFFFFF</TileTitleBackgroundColor>\n          <TileTitleBackgroundOpacity>100</TileTitleBackgroundOpacity>\n          <Borders>\n            <ShowBorders>false</ShowBorders>\n            <UniformBorders>true</UniformBorders>\n            <UniformBorderColor>#EAEAEA</UniformBorderColor>\n            <UniformBorderWeight>2</UniformBorderWeight>\n            <TopBorderColor>#d7d7d7</TopBorderColor>\n            <TopBorderWeight>2</TopBorderWeight>\n            <BottomBorderColor>#d7d7d7</BottomBorderColor>\n            <BottomBorderWeight>2</BottomBorderWeight>\n            <LeftBorderColor>#d7d7d7</LeftBorderColor>\n            <LeftBorderWeight>2</LeftBorderWeight>\n            <RightBorderColor>#d7d7d7</RightBorderColor>\n            <RightBorderWeight>2</RightBorderWeight>\n            <BorderRadius>6</BorderRadius>\n          </Borders>\n          <HasTileShadow>true</HasTileShadow>\n          <MinimumColumnWidth>100</MinimumColumnWidth>\n        </Format>\n        <AllowAlign>false</AllowAlign>\n        <IsAnchor>false</IsAnchor>\n        <IsAnchorable>false</IsAnchorable>\n        <AllowElementInteraction>false</AllowElementInteraction>\n        <Report>Demo Proj\\Subsc Chart</Report>\n        <ReportId>61deb1e6-c26d-4410-8741-1c1b225f617d</ReportId>\n        <TitleText />\n        <AllowSearching>false</AllowSearching>\n        <AllowScrolling>false</AllowScrolling>\n        <DesignSuppressExecution>false</DesignSuppressExecution>\n        <AutoSizeExecution>true</AutoSizeExecution>\n        <ReloadInterval>0</ReloadInterval>\n        <FilterValues />\n        <ParameterValues />\n        <FilterPrompts />\n        <ParameterPrompts />\n      </DashboardAdvancedReportItem>\n      <DashboardAdvancedReportItem>\n        <Id>266199707</Id>\n        <Bounds>\n          <height>0.22580645161290314</height>\n          <width>0.21739130434782614</width>\n          <top>0.5161290322580645</top>\n          <left>0.77173913043478259</left>\n        </Bounds>\n        <Format>\n          <Title />\n          <ShowTitleOnOutput>false</ShowTitleOnOutput>\n          <TileFit>All</TileFit>\n          <TitleFont>Palatino Linotype</TitleFont>\n          <TitleFontSize>14</TitleFontSize>\n          <TitleFontColor>#545454</TitleFontColor>\n          <TitleFontWeight>Normal</TitleFontWeight>\n          <TitleHorizontalAlign>Center</TitleHorizontalAlign>\n          <TitleUnderline>None</TitleUnderline>\n          <HasTileBackground>true</HasTileBackground>\n          <TileBackgroundColor>#FFFFFF</TileBackgroundColor>\n          <TileBackgroundOpacity>100</TileBackgroundOpacity>\n          <HasTileTitleBackground>true</HasTileTitleBackground>\n          <TileTitleBackgroundColor>#FFFFFF</TileTitleBackgroundColor>\n          <TileTitleBackgroundOpacity>100</TileTitleBackgroundOpacity>\n          <Borders>\n            <ShowBorders>false</ShowBorders>\n            <UniformBorders>true</UniformBorders>\n            <UniformBorderColor>#EAEAEA</UniformBorderColor>\n            <UniformBorderWeight>2</UniformBorderWeight>\n            <TopBorderColor>#d7d7d7</TopBorderColor>\n            <TopBorderWeight>2</TopBorderWeight>\n            <BottomBorderColor>#d7d7d7</BottomBorderColor>\n            <BottomBorderWeight>2</BottomBorderWeight>\n            <LeftBorderColor>#d7d7d7</LeftBorderColor>\n            <LeftBorderWeight>2</LeftBorderWeight>\n            <RightBorderColor>#d7d7d7</RightBorderColor>\n            <RightBorderWeight>2</RightBorderWeight>\n            <BorderRadius>6</BorderRadius>\n          </Borders>\n          <HasTileShadow>true</HasTileShadow>\n          <MinimumColumnWidth>100</MinimumColumnWidth>\n        </Format>\n        <AllowAlign>false</AllowAlign>\n        <IsAnchor>false</IsAnchor>\n        <IsAnchorable>false</IsAnchorable>\n        <AllowElementInteraction>false</AllowElementInteraction>\n        <Report>Demo Proj\\New-CasesKPI</Report>\n        <ReportId>8e3d67a4-8358-4ab9-8997-13c8bc86ee4e</ReportId>\n        <TitleText />\n        <AllowSearching>false</AllowSearching>\n        <AllowScrolling>true</AllowScrolling>\n        <DesignSuppressExecution>false</DesignSuppressExecution>\n        <AutoSizeExecution>true</AutoSizeExecution>\n        <ReloadInterval>0</ReloadInterval>\n        <FilterValues />\n        <ParameterValues />\n        <FilterPrompts />\n        <ParameterPrompts />\n      </DashboardAdvancedReportItem>\n      <DashboardAdvancedReportItem>\n        <Id>328110134</Id>\n        <Bounds>\n          <height>0.22580645161290325</height>\n          <width>0.21739130434782614</width>\n          <top>0.75806451612903236</top>\n          <left>0.77173913043478259</left>\n        </Bounds>\n        <Format>\n          <Title />\n          <ShowTitleOnOutput>false</ShowTitleOnOutput>\n          <TileFit>All</TileFit>\n          <TitleFont>Palatino Linotype</TitleFont>\n          <TitleFontSize>14</TitleFontSize>\n          <TitleFontColor>#545454</TitleFontColor>\n          <TitleFontWeight>Normal</TitleFontWeight>\n          <TitleHorizontalAlign>Center</TitleHorizontalAlign>\n          <TitleUnderline>None</TitleUnderline>\n          <HasTileBackground>true</HasTileBackground>\n          <TileBackgroundColor>#FFFFFF</TileBackgroundColor>\n          <TileBackgroundOpacity>100</TileBackgroundOpacity>\n          <HasTileTitleBackground>true</HasTileTitleBackground>\n          <TileTitleBackgroundColor>#FFFFFF</TileTitleBackgroundColor>\n          <TileTitleBackgroundOpacity>100</TileTitleBackgroundOpacity>\n          <Borders>\n            <ShowBorders>false</ShowBorders>\n            <UniformBorders>true</UniformBorders>\n            <UniformBorderColor>#EAEAEA</UniformBorderColor>\n            <UniformBorderWeight>2</UniformBorderWeight>\n            <TopBorderColor>#d7d7d7</TopBorderColor>\n            <TopBorderWeight>2</TopBorderWeight>\n            <BottomBorderColor>#d7d7d7</BottomBorderColor>\n            <BottomBorderWeight>2</BottomBorderWeight>\n            <LeftBorderColor>#d7d7d7</LeftBorderColor>\n            <LeftBorderWeight>2</LeftBorderWeight>\n            <RightBorderColor>#d7d7d7</RightBorderColor>\n            <RightBorderWeight>2</RightBorderWeight>\n            <BorderRadius>6</BorderRadius>\n          </Borders>\n          <HasTileShadow>true</HasTileShadow>\n          <MinimumColumnWidth>100</MinimumColumnWidth>\n        </Format>\n        <AllowAlign>false</AllowAlign>\n        <IsAnchor>false</IsAnchor>\n        <IsAnchorable>false</IsAnchorable>\n        <AllowElementInteraction>false</AllowElementInteraction>\n        <Report>Demo Proj\\New-InvKPI</Report>\n        <ReportId>7ef3308a-6139-40be-8932-bec22492c64f</ReportId>\n        <TitleText />\n        <AllowSearching>false</AllowSearching>\n        <AllowScrolling>true</AllowScrolling>\n        <DesignSuppressExecution>false</DesignSuppressExecution>\n        <AutoSizeExecution>true</AutoSizeExecution>\n        <ReloadInterval>0</ReloadInterval>\n        <FilterValues />\n        <ParameterValues />\n        <FilterPrompts />\n        <ParameterPrompts />\n      </DashboardAdvancedReportItem>\n      <DashboardAdvancedReportItem>\n        <Id>598907001</Id>\n        <Bounds>\n          <height>0.30645161290322581</height>\n          <width>0.32608695652173914</width>\n          <top>0.67741935483870974</top>\n          <left>0.010869565217391304</left>\n        </Bounds>\n        <Format>\n          <Title>Subscribers by Type</Title>\n          <ShowTitleOnOutput>false</ShowTitleOnOutput>\n          <TileFit>All</TileFit>\n          <TitleFont>Verdana</TitleFont>\n          <TitleFontSize>14</TitleFontSize>\n          <TitleFontColor>#2E2E2E</TitleFontColor>\n          <TitleFontWeight>Bold</TitleFontWeight>\n          <TitleHorizontalAlign>Center</TitleHorizontalAlign>\n          <TitleUnderline>None</TitleUnderline>\n          <HasTileBackground>true</HasTileBackground>\n          <TileBackgroundColor>#FFFFFF</TileBackgroundColor>\n          <TileBackgroundOpacity>100</TileBackgroundOpacity>\n          <HasTileTitleBackground>true</HasTileTitleBackground>\n          <TileTitleBackgroundColor>#FFFFFF</TileTitleBackgroundColor>\n          <TileTitleBackgroundOpacity>100</TileTitleBackgroundOpacity>\n          <Borders>\n            <ShowBorders>false</ShowBorders>\n            <UniformBorders>true</UniformBorders>\n            <UniformBorderColor>#EAEAEA</UniformBorderColor>\n            <UniformBorderWeight>2</UniformBorderWeight>\n            <TopBorderColor>#d7d7d7</TopBorderColor>\n            <TopBorderWeight>2</TopBorderWeight>\n            <BottomBorderColor>#d7d7d7</BottomBorderColor>\n            <BottomBorderWeight>2</BottomBorderWeight>\n            <LeftBorderColor>#d7d7d7</LeftBorderColor>\n            <LeftBorderWeight>2</LeftBorderWeight>\n            <RightBorderColor>#d7d7d7</RightBorderColor>\n            <RightBorderWeight>2</RightBorderWeight>\n            <BorderRadius>6</BorderRadius>\n          </Borders>\n          <HasTileShadow>true</HasTileShadow>\n          <MinimumColumnWidth>100</MinimumColumnWidth>\n        </Format>\n        <AllowAlign>false</AllowAlign>\n        <IsAnchor>false</IsAnchor>\n        <IsAnchorable>false</IsAnchorable>\n        <AllowElementInteraction>false</AllowElementInteraction>\n        <Report>Demo Proj\\Invoices Chart</Report>\n        <ReportId>4d812748-6441-466c-9c46-67bd36aff844</ReportId>\n        <TitleText />\n        <AllowSearching>false</AllowSearching>\n        <AllowScrolling>false</AllowScrolling>\n        <DesignSuppressExecution>false</DesignSuppressExecution>\n        <AutoSizeExecution>true</AutoSizeExecution>\n        <ReloadInterval>0</ReloadInterval>\n        <FilterValues />\n        <ParameterValues />\n        <FilterPrompts />\n        <ParameterPrompts />\n      </DashboardAdvancedReportItem>\n      <DashboardAdvancedReportItem>\n        <Id>1656926378</Id>\n        <Bounds>\n          <height>0.32258064516129031</height>\n          <width>0.41304347826086957</width>\n          <top>0.33870967741935487</top>\n          <left>0.34782608695652173</left>\n        </Bounds>\n        <Format>\n          <Title>Subscribers by Type</Title>\n          <ShowTitleOnOutput>false</ShowTitleOnOutput>\n          <TileFit>All</TileFit>\n          <TitleFont>Verdana</TitleFont>\n          <TitleFontSize>14</TitleFontSize>\n          <TitleFontColor>#2E2E2E</TitleFontColor>\n          <TitleFontWeight>Bold</TitleFontWeight>\n          <TitleHorizontalAlign>Center</TitleHorizontalAlign>\n          <TitleUnderline>None</TitleUnderline>\n          <HasTileBackground>true</HasTileBackground>\n          <TileBackgroundColor>#FFFFFF</TileBackgroundColor>\n          <TileBackgroundOpacity>100</TileBackgroundOpacity>\n          <HasTileTitleBackground>true</HasTileTitleBackground>\n          <TileTitleBackgroundColor>#FFFFFF</TileTitleBackgroundColor>\n          <TileTitleBackgroundOpacity>100</TileTitleBackgroundOpacity>\n          <Borders>\n            <ShowBorders>false</ShowBorders>\n            <UniformBorders>true</UniformBorders>\n            <UniformBorderColor>#EAEAEA</UniformBorderColor>\n            <UniformBorderWeight>2</UniformBorderWeight>\n            <TopBorderColor>#d7d7d7</TopBorderColor>\n            <TopBorderWeight>2</TopBorderWeight>\n            <BottomBorderColor>#d7d7d7</BottomBorderColor>\n            <BottomBorderWeight>2</BottomBorderWeight>\n            <LeftBorderColor>#d7d7d7</LeftBorderColor>\n            <LeftBorderWeight>2</LeftBorderWeight>\n            <RightBorderColor>#d7d7d7</RightBorderColor>\n            <RightBorderWeight>2</RightBorderWeight>\n            <BorderRadius>6</BorderRadius>\n          </Borders>\n          <HasTileShadow>true</HasTileShadow>\n          <MinimumColumnWidth>100</MinimumColumnWidth>\n        </Format>\n        <AllowAlign>false</AllowAlign>\n        <IsAnchor>false</IsAnchor>\n        <IsAnchorable>false</IsAnchorable>\n        <AllowElementInteraction>false</AllowElementInteraction>\n        <Report>Demo Proj\\BalancePerSub</Report>\n        <ReportId>47078779-4a14-4414-9995-9841c662f34d</ReportId>\n        <TitleText />\n        <AllowSearching>false</AllowSearching>\n        <AllowScrolling>false</AllowScrolling>\n        <DesignSuppressExecution>false</DesignSuppressExecution>\n        <AutoSizeExecution>true</AutoSizeExecution>\n        <ReloadInterval>0</ReloadInterval>\n        <FilterValues />\n        <ParameterValues />\n        <FilterPrompts />\n        <ParameterPrompts />\n      </DashboardAdvancedReportItem>\n      <DashboardAdvancedReportItem>\n        <Id>122911083</Id>\n        <Bounds>\n          <height>0.48387096774193544</height>\n          <width>0.21739130434782622</width>\n          <top>0.016129032258064516</top>\n          <left>0.77173913043478259</left>\n        </Bounds>\n        <Format>\n          <Title>Customer Satisfaction</Title>\n          <ShowTitleOnOutput>false</ShowTitleOnOutput>\n          <TileFit>All</TileFit>\n          <TitleFont>Palatino Linotype</TitleFont>\n          <TitleFontSize>14</TitleFontSize>\n          <TitleFontColor>#545454</TitleFontColor>\n          <TitleFontWeight>Normal</TitleFontWeight>\n          <TitleHorizontalAlign>Center</TitleHorizontalAlign>\n          <TitleUnderline>None</TitleUnderline>\n          <HasTileBackground>true</HasTileBackground>\n          <TileBackgroundColor>#FFFFFF</TileBackgroundColor>\n          <TileBackgroundOpacity>100</TileBackgroundOpacity>\n          <HasTileTitleBackground>true</HasTileTitleBackground>\n          <TileTitleBackgroundColor>#FFFFFF</TileTitleBackgroundColor>\n          <TileTitleBackgroundOpacity>100</TileTitleBackgroundOpacity>\n          <Borders>\n            <ShowBorders>false</ShowBorders>\n            <UniformBorders>true</UniformBorders>\n            <UniformBorderColor>#EAEAEA</UniformBorderColor>\n            <UniformBorderWeight>2</UniformBorderWeight>\n            <TopBorderColor>#d7d7d7</TopBorderColor>\n            <TopBorderWeight>2</TopBorderWeight>\n            <BottomBorderColor>#d7d7d7</BottomBorderColor>\n            <BottomBorderWeight>2</BottomBorderWeight>\n            <LeftBorderColor>#d7d7d7</LeftBorderColor>\n            <LeftBorderWeight>2</LeftBorderWeight>\n            <RightBorderColor>#d7d7d7</RightBorderColor>\n            <RightBorderWeight>2</RightBorderWeight>\n            <BorderRadius>6</BorderRadius>\n          </Borders>\n          <HasTileShadow>true</HasTileShadow>\n          <MinimumColumnWidth>100</MinimumColumnWidth>\n        </Format>\n        <AllowAlign>false</AllowAlign>\n        <IsAnchor>false</IsAnchor>\n        <IsAnchorable>false</IsAnchorable>\n        <AllowElementInteraction>false</AllowElementInteraction>\n        <Report>Demo Proj\\CustSatisfNew</Report>\n        <ReportId>40b20601-ec2a-4f91-bfc0-e393d695a6e1</ReportId>\n        <TitleText />\n        <AllowSearching>false</AllowSearching>\n        <AllowScrolling>false</AllowScrolling>\n        <DesignSuppressExecution>false</DesignSuppressExecution>\n        <AutoSizeExecution>true</AutoSizeExecution>\n        <ReloadInterval>0</ReloadInterval>\n        <FilterValues />\n        <ParameterValues />\n        <FilterPrompts />\n        <ParameterPrompts />\n      </DashboardAdvancedReportItem>\n      <DashboardAdvancedReportItem>\n        <Id>590457696</Id>\n        <Bounds>\n          <height>0.30645161290322581</height>\n          <width>0.41304347826086957</width>\n          <top>0.67741935483870974</top>\n          <left>0.34782608695652173</left>\n        </Bounds>\n        <Format>\n          <Title>Subscribers by Type</Title>\n          <ShowTitleOnOutput>false</ShowTitleOnOutput>\n          <TileFit>All</TileFit>\n          <TitleFont>Verdana</TitleFont>\n          <TitleFontSize>14</TitleFontSize>\n          <TitleFontColor>#2E2E2E</TitleFontColor>\n          <TitleFontWeight>Bold</TitleFontWeight>\n          <TitleHorizontalAlign>Center</TitleHorizontalAlign>\n          <TitleUnderline>None</TitleUnderline>\n          <HasTileBackground>true</HasTileBackground>\n          <TileBackgroundColor>#FFFFFF</TileBackgroundColor>\n          <TileBackgroundOpacity>100</TileBackgroundOpacity>\n          <HasTileTitleBackground>true</HasTileTitleBackground>\n          <TileTitleBackgroundColor>#FFFFFF</TileTitleBackgroundColor>\n          <TileTitleBackgroundOpacity>100</TileTitleBackgroundOpacity>\n          <Borders>\n            <ShowBorders>false</ShowBorders>\n            <UniformBorders>true</UniformBorders>\n            <UniformBorderColor>#EAEAEA</UniformBorderColor>\n            <UniformBorderWeight>2</UniformBorderWeight>\n            <TopBorderColor>#d7d7d7</TopBorderColor>\n            <TopBorderWeight>2</TopBorderWeight>\n            <BottomBorderColor>#d7d7d7</BottomBorderColor>\n            <BottomBorderWeight>2</BottomBorderWeight>\n            <LeftBorderColor>#d7d7d7</LeftBorderColor>\n            <LeftBorderWeight>2</LeftBorderWeight>\n            <RightBorderColor>#d7d7d7</RightBorderColor>\n            <RightBorderWeight>2</RightBorderWeight>\n            <BorderRadius>6</BorderRadius>\n          </Borders>\n          <HasTileShadow>true</HasTileShadow>\n          <MinimumColumnWidth>100</MinimumColumnWidth>\n        </Format>\n        <AllowAlign>false</AllowAlign>\n        <IsAnchor>false</IsAnchor>\n        <IsAnchorable>false</IsAnchorable>\n        <AllowElementInteraction>false</AllowElementInteraction>\n        <Report>Demo Proj\\SupportCost</Report>\n        <ReportId>85f6c45f-5867-4e73-a609-faf19a7c889d</ReportId>\n        <TitleText />\n        <AllowSearching>false</AllowSearching>\n        <AllowScrolling>false</AllowScrolling>\n        <DesignSuppressExecution>false</DesignSuppressExecution>\n        <AutoSizeExecution>true</AutoSizeExecution>\n        <ReloadInterval>0</ReloadInterval>\n        <FilterValues />\n        <ParameterValues />\n        <FilterPrompts />\n        <ParameterPrompts />\n      </DashboardAdvancedReportItem>\n      <DashboardAdvancedReportItem>\n        <Id>1849941373</Id>\n        <Bounds>\n          <height>0.30645161290322581</height>\n          <width>0.15217391304347824</width>\n          <top>0.01612617924528302</top>\n          <left>0.010863095238095238</left>\n        </Bounds>\n        <Format>\n          <Title />\n          <ShowTitleOnOutput>false</ShowTitleOnOutput>\n          <TileFit>Width</TileFit>\n          <TitleFont>Palatino Linotype</TitleFont>\n          <TitleFontSize>14</TitleFontSize>\n          <TitleFontColor>#545454</TitleFontColor>\n          <TitleFontWeight>Normal</TitleFontWeight>\n          <TitleHorizontalAlign>Center</TitleHorizontalAlign>\n          <TitleUnderline>None</TitleUnderline>\n          <HasTileBackground>true</HasTileBackground>\n          <TileBackgroundColor>#FFFFFF</TileBackgroundColor>\n          <TileBackgroundOpacity>100</TileBackgroundOpacity>\n          <HasTileTitleBackground>true</HasTileTitleBackground>\n          <TileTitleBackgroundColor>#FFFFFF</TileTitleBackgroundColor>\n          <TileTitleBackgroundOpacity>100</TileTitleBackgroundOpacity>\n          <Borders>\n            <ShowBorders>false</ShowBorders>\n            <UniformBorders>true</UniformBorders>\n            <UniformBorderColor>#d7d7d7</UniformBorderColor>\n            <UniformBorderWeight>2</UniformBorderWeight>\n            <TopBorderColor>#d7d7d7</TopBorderColor>\n            <TopBorderWeight>2</TopBorderWeight>\n            <BottomBorderColor>#d7d7d7</BottomBorderColor>\n            <BottomBorderWeight>2</BottomBorderWeight>\n            <LeftBorderColor>#d7d7d7</LeftBorderColor>\n            <LeftBorderWeight>2</LeftBorderWeight>\n            <RightBorderColor>#d7d7d7</RightBorderColor>\n            <RightBorderWeight>2</RightBorderWeight>\n            <BorderRadius>6</BorderRadius>\n          </Borders>\n          <HasTileShadow>true</HasTileShadow>\n          <MinimumColumnWidth>100</MinimumColumnWidth>\n        </Format>\n        <AllowAlign>false</AllowAlign>\n        <IsAnchor>false</IsAnchor>\n        <IsAnchorable>false</IsAnchorable>\n        <AllowElementInteraction>false</AllowElementInteraction>\n        <Report>Demo Proj\\Profile</Report>\n        <ReportId>18247402-4f51-483f-bc71-3634cc7bb920</ReportId>\n        <TitleText />\n        <AllowSearching>false</AllowSearching>\n        <AllowScrolling>false</AllowScrolling>\n        <DesignSuppressExecution>false</DesignSuppressExecution>\n        <AutoSizeExecution>true</AutoSizeExecution>\n        <ReloadInterval>0</ReloadInterval>\n        <FilterValues />\n        <ParameterValues />\n        <FilterPrompts />\n        <ParameterPrompts />\n      </DashboardAdvancedReportItem>\n    </AdvancedReportItems>\n    <ExpressViewItems />\n    <ImageItems />\n    <UrlItems />\n    <FilterItems />\n    <VisualizationItems />\n  </Layout>\n  <ParameterModels />\n  <CanvasFormat>\n    <CanvasFit>All</CanvasFit>\n    <CanvasHeight>530</CanvasHeight>\n    <CanvasWidth>728</CanvasWidth>\n    <CanvasBackgroundColor>#F2F2F2</CanvasBackgroundColor>\n    <CanvasBackgroundOpacity>100</CanvasBackgroundOpacity>\n    <DefaultTileHasBackground>true</DefaultTileHasBackground>\n    <DefaultTileBackgroundColor>#FFFFFF</DefaultTileBackgroundColor>\n    <DefaultTileBackgroundOpacity>100</DefaultTileBackgroundOpacity>\n    <DefaultTileTitleBackgroundColor>#FFFFFF</DefaultTileTitleBackgroundColor>\n    <DefaultTileTitleBackgroundOpacity>100</DefaultTileTitleBackgroundOpacity>\n    <DefaultTileBorders>\n      <ShowBorders>false</ShowBorders>\n      <UniformBorders>true</UniformBorders>\n      <UniformBorderColor>#d7d7d7</UniformBorderColor>\n      <UniformBorderWeight>2</UniformBorderWeight>\n      <TopBorderColor>#d7d7d7</TopBorderColor>\n      <TopBorderWeight>2</TopBorderWeight>\n      <BottomBorderColor>#d7d7d7</BottomBorderColor>\n      <BottomBorderWeight>2</BottomBorderWeight>\n      <LeftBorderColor>#d7d7d7</LeftBorderColor>\n      <LeftBorderWeight>2</LeftBorderWeight>\n      <RightBorderColor>#d7d7d7</RightBorderColor>\n      <RightBorderWeight>2</RightBorderWeight>\n      <BorderRadius>3</BorderRadius>\n    </DefaultTileBorders>\n    <DefaultTileHasShadows>false</DefaultTileHasShadows>\n    <IsGridSnappingEnabled>true</IsGridSnappingEnabled>\n    <IsDashboardReflowEnabled>false</IsDashboardReflowEnabled>\n  </CanvasFormat>\n  <Main>\n    <Id>32f6c6a7-3225-a67b-d7d5-bcef6b3d7abf</Id>\n    <ReportId>32f6c6a7-3225-a67b-d7d5-bcef6b3d7abf</ReportId>\n    <ReportType>Dashboard</ReportType>\n    <ExportType>Html</ExportType>\n  </Main>\n  <Api />\n  <Id>32f6c6a7-3225-a67b-d7d5-bcef6b3d7abf</Id>\n</DashboardReport>",
    "bit_content": null,
    "deleted_flag": false,
    "created_date": "2021-08-04T12:24:34",
    "created_by": "user",
    "modified_date": "2021-10-20T10:04:29",
    "modified_by": "user",
    "owner_id": "",
    "exports_allowed": 0,
    "inherit_flag": false,
    "default_party_type_id": null,
    "default_access_flags": 0,
    "extended_attributes": null,
    "default_export_type": 0,
    "report_tree_shortcut_action": 0,
    "use_cache_execution": false,
    "is_cache_valid": null,
    "associated_reports": "e5f555ac-793f-4253-81ee-2f691eba1960,61deb1e6-c26d-4410-8741-1c1b225f617d,8e3d67a4-8358-4ab9-8997-13c8bc86ee4e,7ef3308a-6139-40be-8932-bec22492c64f,4d812748-6441-466c-9c46-67bd36aff844,47078779-4a14-4414-9995-9841c662f34d,40b20601-ec2a-4f91-bfc0-e393d695a6e1,85f6c45f-5867-4e73-a609-faf19a7c889d,18247402-4f51-483f-bc71-3634cc7bb920"
  },
  "Access": [
    {
      "content_id": "32f6c6a7-3225-a67b-d7d5-bcef6b3d7abf",
      "parent_id": "2b85ff51-a221-488f-bbcb-2c31e45c8fa0",
      "party_type_id": 1,
      "party_id": null,
      "sort_order": 0,
      "access_flags": 1885,
      "child_inherits": false,
      "parentname": "DemoProj",
      "contentname": "Dashbrd-v0"
    }
  ]
}