{
  "Content": {
    "content_id": "40b20601-ec2a-4f91-bfc0-e393d695a6e1",
    "content_type": 0,
    "report_type": 0,
    "content_attribute": null,
    "name": "CustSatisfNew",
    "description": null,
    "text_content": "<report>\n  <main>\n    <id>40b20601-ec2a-4f91-bfc0-e393d695a6e1</id>\n    <report_name>CustSatisfNew</report_name>\n    <folder_name>Demo Proj</folder_name>\n    <folder_id>2b85ff51-a221-488f-bbcb-2c31e45c8fa0</folder_id>\n    <version>1</version>\n    <type>Standard</type>\n    <sql_stmt />\n    <show_execute_form>False</show_execute_form>\n    <filter_execution_window>Default</filter_execution_window>\n    <fit_page_width>False</fit_page_width>\n    <suppress_formatting>False</suppress_formatting>\n    <report_tree_shortcut>0</report_tree_shortcut>\n    <output_mode>6</output_mode>\n    <prevent_output />\n    <page_size>Letter</page_size>\n    <page_orientation>Portrait</page_orientation>\n    <include_setup_info>No</include_setup_info>\n    <description />\n    <filter_description />\n    <show_grid>False</show_grid>\n    <pdf_template />\n    <embedded_pdf_template />\n    <simulate_pdf>True</simulate_pdf>\n    <no_data_render_type>ShowMessage</no_data_render_type>\n    <show_interactive_sorts>True</show_interactive_sorts>\n    <allow_column_hide>True</allow_column_hide>\n    <show_column_headers>True</show_column_headers>\n    <groups_on_separate_worksheets>False</groups_on_separate_worksheets>\n    <enable_cartesian_processing>Default</enable_cartesian_processing>\n    <visualization_report>false</visualization_report>\n    <use_cache_execution>false</use_cache_execution>\n    <excel_freeze_rows>1</excel_freeze_rows>\n    <excel_freeze_columns>1</excel_freeze_columns>\n    <excel_show_gridlines>True</excel_show_gridlines>\n    <suppressfiltersinterface>False</suppressfiltersinterface>\n    <suppresssortsinterface>False</suppresssortsinterface>\n    <row_range_limit>0</row_range_limit>\n  </main>\n  <entity>\n    <entity_name>CUSTOMER_2</entity_name>\n    <group_by_flag>False</group_by_flag>\n  </entity>\n  <cell>\n    <id>579336779</id>\n    <cell_text>Customer Satisfaction</cell_text>\n    <cell_type>text</cell_type>\n    <cell_row>0</cell_row>\n    <cell_col>0</cell_col>\n    <cell_horizontal_align>Center</cell_horizontal_align>\n    <font_name>Roboto</font_name>\n    <font_size>19</font_size>\n    <font_bold_flag>True</font_bold_flag>\n    <foreground_color>#1483F3</foreground_color>\n  </cell>\n  <cell>\n    <id>760296046</id>\n    <cell_text>CUSTOMER_2.SATISFACTION</cell_text>\n    <cell_type>data</cell_type>\n    <cell_row>1</cell_row>\n    <cell_col>0</cell_col>\n    <cell_horizontal_align>Center</cell_horizontal_align>\n    <font_name>Palatino Linotype</font_name>\n    <font_size>11</font_size>\n  </cell>\n  <cell>\n    <id>1899413287</id>\n    <widget_id>42015967</widget_id>\n    <cell_text />\n    <cell_type>widget</cell_type>\n    <cell_row>2</cell_row>\n    <cell_col>0</cell_col>\n    <cell_horizontal_align>Center</cell_horizontal_align>\n    <cell_vertical_align>Top</cell_vertical_align>\n    <font_name>Roboto</font_name>\n    <font_size>11</font_size>\n  </cell>\n  <cell>\n    <id>721076667</id>\n    <cell_text>Target &gt;= 90%</cell_text>\n    <cell_type>text</cell_type>\n    <cell_row>3</cell_row>\n    <cell_col>0</cell_col>\n    <cell_horizontal_align>Center</cell_horizontal_align>\n    <cell_vertical_align>Top</cell_vertical_align>\n    <font_name>Roboto</font_name>\n    <font_size>16</font_size>\n    <foreground_color>#2E2E2E</foreground_color>\n  </cell>\n  <row>\n    <group_type>Report Header</group_type>\n  </row>\n  <row>\n    <group_type>Detail</group_type>\n    <suppress_flag>True</suppress_flag>\n  </row>\n  <row>\n    <group_type>Report Footer</group_type>\n  </row>\n  <row>\n    <group_type>Report Footer</group_type>\n  </row>\n  <row>\n    <group_type>Report Footer</group_type>\n    <row_height>10</row_height>\n  </row>\n  <column>\n    <column_width>276</column_width>\n  </column>\n  <filter>\n    <filter_name>CUSTOMER_2.CUSTOMER_ID</filter_name>\n    <order_num>0</order_num>\n    <operator>=</operator>\n    <prompt_flag>False</prompt_flag>\n    <and_flag>True</and_flag>\n    <group_with_next_flag>False</group_with_next_flag>\n    <filter_ref_id>1219295190</filter_ref_id>\n    <filter_title />\n    <values>\n      <value>@customer_id@</value>\n    </values>\n  </filter>\n  <topn>\n    <action>top</action>\n    <use_topn_item>False</use_topn_item>\n    <num_items>10</num_items>\n    <cellId>-1</cellId>\n    <direction>asc</direction>\n  </topn>\n  <widget>\n    <id>42015967</id>\n    <height>200</height>\n    <width>270</width>\n    <fit_to_cell>True</fit_to_cell>\n    <built_in_type>Gauge</built_in_type>\n    <name>Gauge</name>\n    <data_cell_ids>760296046,-1,-1</data_cell_ids>\n    <gauge>\n      <id>42015967</id>\n      <type>Angular</type>\n      <data_range_type>StaticValue</data_range_type>\n      <data_range_min>0</data_range_min>\n      <data_range_max>100</data_range_max>\n      <color_boundaries>f6621f,50;f9a228,75;fee62f,90;25c23e,100</color_boundaries>\n      <color_by>StaticValue</color_by>\n    </gauge>\n  </widget>\n  <dynamicfilters />\n</report>",
    "bit_content": null,
    "deleted_flag": false,
    "created_date": "2021-08-11T13:07:29",
    "created_by": "user",
    "modified_date": "2021-10-07T12:54:53",
    "modified_by": "user",
    "owner_id": "",
    "exports_allowed": 31,
    "inherit_flag": false,
    "default_party_type_id": null,
    "default_access_flags": 0,
    "extended_attributes": null,
    "default_export_type": 0,
    "report_tree_shortcut_action": 0,
    "use_cache_execution": false,
    "is_cache_valid": null,
    "associated_reports": null
  },
  "Access": [
    {
      "content_id": "40b20601-ec2a-4f91-bfc0-e393d695a6e1",
      "parent_id": "2b85ff51-a221-488f-bbcb-2c31e45c8fa0",
      "party_type_id": 1,
      "party_id": null,
      "sort_order": 0,
      "access_flags": 1885,
      "child_inherits": false,
      "parentname": "DemoProj",
      "contentname": "CustSatisfNew"
    }
  ]
}