{
  "Content": {
    "content_id": "47078779-4a14-4414-9995-9841c662f34d",
    "content_type": 0,
    "report_type": 0,
    "content_attribute": null,
    "name": "BalancePerSub",
    "description": null,
    "text_content": "<report>\n  <main>\n    <id>47078779-4a14-4414-9995-9841c662f34d</id>\n    <report_name>BalancePerSub</report_name>\n    <folder_name>Demo Proj</folder_name>\n    <folder_id>2b85ff51-a221-488f-bbcb-2c31e45c8fa0</folder_id>\n    <version>1</version>\n    <type>Standard</type>\n    <sql_stmt />\n    <show_execute_form>False</show_execute_form>\n    <filter_execution_window>Default</filter_execution_window>\n    <fit_page_width>True</fit_page_width>\n    <suppress_formatting>False</suppress_formatting>\n    <report_tree_shortcut>0</report_tree_shortcut>\n    <output_mode>6</output_mode>\n    <prevent_output />\n    <page_size>Letter</page_size>\n    <page_orientation>Portrait</page_orientation>\n    <include_setup_info>No</include_setup_info>\n    <description />\n    <filter_description />\n    <show_grid>False</show_grid>\n    <pdf_template />\n    <embedded_pdf_template />\n    <simulate_pdf>True</simulate_pdf>\n    <no_data_render_type>ShowMessage</no_data_render_type>\n    <show_interactive_sorts>True</show_interactive_sorts>\n    <allow_column_hide>True</allow_column_hide>\n    <show_column_headers>True</show_column_headers>\n    <groups_on_separate_worksheets>False</groups_on_separate_worksheets>\n    <enable_cartesian_processing>Default</enable_cartesian_processing>\n    <visualization_report>false</visualization_report>\n    <use_cache_execution>false</use_cache_execution>\n    <excel_freeze_rows>1</excel_freeze_rows>\n    <excel_freeze_columns>1</excel_freeze_columns>\n    <excel_show_gridlines>True</excel_show_gridlines>\n    <suppressfiltersinterface>False</suppressfiltersinterface>\n    <suppresssortsinterface>False</suppresssortsinterface>\n    <row_range_limit>0</row_range_limit>\n  </main>\n  <entity>\n    <entity_name>BALANCE_2</entity_name>\n    <group_by_flag>False</group_by_flag>\n  </entity>\n  <entity>\n    <entity_name>CONTRACT_2</entity_name>\n    <group_by_flag>False</group_by_flag>\n  </entity>\n  <entity>\n    <entity_name>CUSTOMER_2</entity_name>\n    <group_by_flag>False</group_by_flag>\n  </entity>\n  <entity>\n    <entity_name>SUBSCRIBER_2</entity_name>\n    <group_by_flag>False</group_by_flag>\n  </entity>\n  <cell>\n    <id>563916943</id>\n    <cell_text>Balance Per Subscriber</cell_text>\n    <cell_type>text</cell_type>\n    <cell_row>1</cell_row>\n    <cell_col>0</cell_col>\n    <cell_horizontal_align>Center</cell_horizontal_align>\n    <cell_colspan>2</cell_colspan>\n    <wrap_text_flag>True</wrap_text_flag>\n    <font_name>Roboto</font_name>\n    <font_size>19</font_size>\n    <font_bold_flag>True</font_bold_flag>\n    <foreground_color>#1483F3</foreground_color>\n  </cell>\n  <cell>\n    <id>1859307084</id>\n    <widget_id>2059968192</widget_id>\n    <cell_text />\n    <cell_type>widget</cell_type>\n    <cell_row>2</cell_row>\n    <cell_col>0</cell_col>\n    <cell_colspan>2</cell_colspan>\n    <wrap_text_flag>True</wrap_text_flag>\n    <font_name>Palatino Linotype</font_name>\n    <font_size>8</font_size>\n  </cell>\n  <cell>\n    <id>1254507601</id>\n    <cell_text>BALANCE_2.SUBSCRIBER_ID</cell_text>\n    <cell_type>data</cell_type>\n    <cell_row>3</cell_row>\n    <cell_col>0</cell_col>\n    <wrap_text_flag>True</wrap_text_flag>\n    <font_name>Palatino Linotype</font_name>\n    <font_size>12</font_size>\n    <border_top_width>1</border_top_width>\n    <border_top_color>#8AA4E1</border_top_color>\n    <foreground_color>#474F61</foreground_color>\n    <background_color>#FFFFFF</background_color>\n  </cell>\n  <cell>\n    <id>877594826</id>\n    <cell_text>=aggsum({BALANCE_2.AVAILABLE_AMOUNT})</cell_text>\n    <cell_type>formula</cell_type>\n    <cell_row>3</cell_row>\n    <cell_col>1</cell_col>\n    <cell_horizontal_align>Right</cell_horizontal_align>\n    <wrap_text_flag>True</wrap_text_flag>\n    <font_name>Palatino Linotype</font_name>\n    <font_size>12</font_size>\n    <format_type>Number</format_type>\n    <format_separator_flag>False</format_separator_flag>\n    <format_currency_flag>True</format_currency_flag>\n    <format_negative_symbol_flag>True</format_negative_symbol_flag>\n    <border_top_width>1</border_top_width>\n    <border_top_color>#C7CACF</border_top_color>\n    <foreground_color>#474F61</foreground_color>\n    <background_color>#FFFFFF</background_color>\n  </cell>\n  <cell>\n    <id>396418870</id>\n    <cell_text>BALANCE_2.AVAILABLE_AMOUNT</cell_text>\n    <cell_type>data</cell_type>\n    <cell_row>4</cell_row>\n    <cell_col>1</cell_col>\n    <cell_horizontal_align>Right</cell_horizontal_align>\n    <wrap_text_flag>True</wrap_text_flag>\n    <font_name>Palatino Linotype</font_name>\n    <font_size>12</font_size>\n    <border_top_width>1</border_top_width>\n    <border_top_color>#E5E6E7</border_top_color>\n    <foreground_color>#474F61</foreground_color>\n    <background_color>#FFFFFF</background_color>\n  </cell>\n  <cell>\n    <id>1115292821</id>\n    <cell_text>Report Totals</cell_text>\n    <cell_type>text</cell_type>\n    <cell_row>5</cell_row>\n    <cell_col>0</cell_col>\n    <wrap_text_flag>True</wrap_text_flag>\n    <font_name>Palatino Linotype</font_name>\n    <font_size>14</font_size>\n    <font_bold_flag>True</font_bold_flag>\n    <border_top_width>1</border_top_width>\n    <border_top_color>#8AA4E1</border_top_color>\n    <foreground_color>#474F61</foreground_color>\n    <background_color>#EDF2FD</background_color>\n  </cell>\n  <cell>\n    <id>533986810</id>\n    <cell_text>=aggsum({BALANCE_2.AVAILABLE_AMOUNT})</cell_text>\n    <cell_type>formula</cell_type>\n    <cell_row>5</cell_row>\n    <cell_col>1</cell_col>\n    <cell_horizontal_align>Right</cell_horizontal_align>\n    <wrap_text_flag>True</wrap_text_flag>\n    <font_name>Palatino Linotype</font_name>\n    <font_size>14</font_size>\n    <font_bold_flag>True</font_bold_flag>\n    <format_type>Number</format_type>\n    <format_separator_flag>False</format_separator_flag>\n    <format_currency_flag>True</format_currency_flag>\n    <format_negative_symbol_flag>True</format_negative_symbol_flag>\n    <border_top_width>1</border_top_width>\n    <border_top_color>#8AA4E1</border_top_color>\n    <foreground_color>#474F61</foreground_color>\n    <background_color>#EDF2FD</background_color>\n  </cell>\n  <row>\n    <group_type>Page Header</group_type>\n  </row>\n  <row>\n    <group_type>Page Header</group_type>\n  </row>\n  <row>\n    <group_type>Report Header</group_type>\n    <row_height>400</row_height>\n  </row>\n  <row>\n    <group_type>Header</group_type>\n    <group_field>BALANCE_2.SUBSCRIBER_ID</group_field>\n    <suppress_flag>True</suppress_flag>\n    <repeat_flag>True</repeat_flag>\n  </row>\n  <row>\n    <group_type>Detail</group_type>\n    <suppress_flag>True</suppress_flag>\n  </row>\n  <row>\n    <group_type>Report Footer</group_type>\n    <suppress_flag>True</suppress_flag>\n  </row>\n  <column>\n    <column_width>150</column_width>\n    <column_label>SUBSCRIBER_ID</column_label>\n  </column>\n  <column>\n    <column_width>150</column_width>\n    <column_label>AVAILABLE_AMOUNT</column_label>\n  </column>\n  <join>\n    <affinity>Global</affinity>\n    <entity_from_name>SUBSCRIBER_2</entity_from_name>\n    <entity_to_name>BALANCE_2</entity_to_name>\n    <entity_from_id>SUBSCRIBER_2</entity_from_id>\n    <entity_to_id>BALANCE_2</entity_to_id>\n    <join_type>leftouter</join_type>\n    <relation_type>1M</relation_type>\n    <weight>0</weight>\n    <key>\n      <col_from_name>SUBSCRIBER_ID</col_from_name>\n      <col_to_name>SUBSCRIBER_ID</col_to_name>\n    </key>\n    <clause>\n      <left_side>SUBSCRIBER_ID</left_side>\n      <left_side_type>Column</left_side_type>\n      <comparison>EQ</comparison>\n      <right_side>SUBSCRIBER_ID</right_side>\n      <right_side_type>Column</right_side_type>\n      <conjunction>AND</conjunction>\n      <level>0</level>\n    </clause>\n  </join>\n  <join>\n    <affinity>Global</affinity>\n    <entity_from_name>CONTRACT_2</entity_from_name>\n    <entity_to_name>SUBSCRIBER_2</entity_to_name>\n    <entity_from_id>CONTRACT_2</entity_from_id>\n    <entity_to_id>SUBSCRIBER_2</entity_to_id>\n    <join_type>inner</join_type>\n    <relation_type>11</relation_type>\n    <weight>0</weight>\n    <key>\n      <col_from_name>CONTRACT_ID</col_from_name>\n      <col_to_name>SUBSCRIBER_ID</col_to_name>\n    </key>\n    <clause>\n      <left_side>CONTRACT_ID</left_side>\n      <left_side_type>Column</left_side_type>\n      <comparison>EQ</comparison>\n      <right_side>SUBSCRIBER_ID</right_side>\n      <right_side_type>Column</right_side_type>\n      <conjunction>AND</conjunction>\n      <level>0</level>\n    </clause>\n  </join>\n  <join>\n    <affinity>Global</affinity>\n    <entity_from_name>CUSTOMER_2</entity_from_name>\n    <entity_to_name>CONTRACT_2</entity_to_name>\n    <entity_from_id>CUSTOMER_2</entity_from_id>\n    <entity_to_id>CONTRACT_2</entity_to_id>\n    <join_type>leftouter</join_type>\n    <relation_type>1M</relation_type>\n    <weight>0</weight>\n    <key>\n      <col_from_name>CUSTOMER_ID</col_from_name>\n      <col_to_name>CUSTOMER_ID</col_to_name>\n    </key>\n    <clause>\n      <left_side>CUSTOMER_ID</left_side>\n      <left_side_type>Column</left_side_type>\n      <comparison>EQ</comparison>\n      <right_side>CUSTOMER_ID</right_side>\n      <right_side_type>Column</right_side_type>\n      <conjunction>AND</conjunction>\n      <level>0</level>\n    </clause>\n  </join>\n  <sort>\n    <sort_name>BALANCE_2.SUBSCRIBER_ID</sort_name>\n    <sort_title />\n    <order_num>0</order_num>\n    <ascending_flag>True</ascending_flag>\n  </sort>\n  <filter>\n    <filter_name>CUSTOMER_2.CUSTOMER_ID</filter_name>\n    <order_num>0</order_num>\n    <operator>=</operator>\n    <prompt_flag>False</prompt_flag>\n    <and_flag>True</and_flag>\n    <group_with_next_flag>False</group_with_next_flag>\n    <filter_ref_id>22356306</filter_ref_id>\n    <filter_title>CUSTOMER.CUSTOMER_ID</filter_title>\n    <values>\n      <value>@customer_id@</value>\n    </values>\n  </filter>\n  <widget>\n    <id>2059968192</id>\n    <height>215</height>\n    <width>294</width>\n    <fit_to_cell>True</fit_to_cell>\n    <built_in_type>Chart</built_in_type>\n    <name>Chart</name>\n    <data_cell_ids>1254507601,877594826</data_cell_ids>\n    <chart>\n      <id>2059968192</id>\n      <type>column</type>\n      <is_3d>False</is_3d>\n      <use_scroll>False</use_scroll>\n      <legend_location>Right</legend_location>\n      <point_labels_display_type>DataValues</point_labels_display_type>\n      <title />\n      <axis_count>1</axis_count>\n      <showSecondaryLimits>1</showSecondaryLimits>\n      <showDivLineSecondaryValue>1</showDivLineSecondaryValue>\n      <y_axis_title1 />\n      <y_axis_title2 />\n      <y_axis_title3 />\n      <x_axis_title />\n      <color_type>LinearRange</color_type>\n      <min_data_value />\n      <max_data_value />\n      <axis_lower_bound />\n      <axis_upper_bound />\n      <others_category_percent>0</others_category_percent>\n      <align_data_labels>True</align_data_labels>\n      <theme_name>-3</theme_name>\n      <render_colors>#12324A,#20457c,#3b3a35,#fb6648,#5e3448</render_colors>\n      <linear_colors>#ff0000,#0000ff</linear_colors>\n      <custom_colors>#12324A,#20457c,#3b3a35,#fb6648,#5e3448</custom_colors>\n      <data_sort_type>None</data_sort_type>\n      <data_sort_direction>Ascending</data_sort_direction>\n      <datavalue_decimal_places1>0</datavalue_decimal_places1>\n      <datavalue_decimal_symbol1>.</datavalue_decimal_symbol1>\n      <datavalue_use_thousands_separator1>False</datavalue_use_thousands_separator1>\n      <datavalue_thousands_separator1>,</datavalue_thousands_separator1>\n      <datavalue_use_currency_symbol1>True</datavalue_use_currency_symbol1>\n      <datavalue_currency_symbol1>$</datavalue_currency_symbol1>\n      <datavalue_append_percent_sign1>False</datavalue_append_percent_sign1>\n      <datavalue_decimal_places2>-1</datavalue_decimal_places2>\n      <datavalue_decimal_symbol2>.</datavalue_decimal_symbol2>\n      <datavalue_use_thousands_separator2>False</datavalue_use_thousands_separator2>\n      <datavalue_thousands_separator2>,</datavalue_thousands_separator2>\n      <datavalue_use_currency_symbol2>False</datavalue_use_currency_symbol2>\n      <datavalue_currency_symbol2>$</datavalue_currency_symbol2>\n      <datavalue_append_percent_sign2>False</datavalue_append_percent_sign2>\n      <datavalue_decimal_places3>-1</datavalue_decimal_places3>\n      <datavalue_decimal_symbol3>.</datavalue_decimal_symbol3>\n      <datavalue_use_thousands_separator3>False</datavalue_use_thousands_separator3>\n      <datavalue_thousands_separator3>,</datavalue_thousands_separator3>\n      <datavalue_use_currency_symbol3>False</datavalue_use_currency_symbol3>\n      <datavalue_currency_symbol3>$</datavalue_currency_symbol3>\n      <datavalue_append_percent_sign3>False</datavalue_append_percent_sign3>\n      <benchmark_lines>[]</benchmark_lines>\n      <label_font>Roboto</label_font>\n      <data_method>SeriesInColumns</data_method>\n      <chart_data>{\"dataLabelsCellId\":1254507601,\"seriesInfos\":[{\"dataValuesCellId\":877594826,\"seriesName\":\"Sum: AVAILABLE_AMOUNT\",\"yAxis\":1,\"renderAs\":0}]}</chart_data>\n      <fusion_attributes>[{\"fusionName\":\"labelDisplay\",\"value\":\"AUTO\"}]</fusion_attributes>\n      <advanced_fusion_attributes>[{\"fusionName\":\"captionAlignment\",\"value\":\"center\"},{\"fusionName\":\"captionOnTop\",\"value\":\"1\"},{\"fusionName\":\"captionFont\",\"value\":\"Roboto\"},{\"fusionName\":\"captionFontSize\",\"value\":\"18\"},{\"fusionName\":\"captionFontColor\",\"value\":\"#5a5a5a\"},{\"fusionName\":\"subCaptionFont\",\"value\":\"Roboto\"},{\"fusionName\":\"subCaptionFontSize\",\"value\":\"12\"},{\"fusionName\":\"subCaptionFontColor\",\"value\":\"#5a5a5a\"},{\"fusionName\":\"baseFontSize\",\"value\":\"11\"},{\"fusionName\":\"baseFontColor\",\"value\":\"#888888\"}]</advanced_fusion_attributes>\n      <conditionalFormats>[]</conditionalFormats>\n      <kpi_value_format>expanded</kpi_value_format>\n      <error_text />\n      <view_range />\n      <scroll_position />\n      <spc_benchmark_lines>[{\"label\":\"Mean\",\"value\":null,\"color\":\"#00ff00\",\"lineStyle\":0,\"lineFunction\":3},{\"label\":\"UCL\",\"value\":\"3\",\"color\":\"#ff0000\",\"lineStyle\":1,\"lineFunction\":5},{\"label\":\"LCL\",\"value\":\"-3\",\"color\":\"#ff0000\",\"lineStyle\":1,\"lineFunction\":6}]</spc_benchmark_lines>\n      <is_spc>False</is_spc>\n    </chart>\n  </widget>\n  <dynamicfilters />\n</report>",
    "bit_content": null,
    "deleted_flag": false,
    "created_date": "2021-08-11T13:52:23",
    "created_by": "user",
    "modified_date": "2021-10-07T12:44:28",
    "modified_by": "user",
    "owner_id": "",
    "exports_allowed": 31,
    "inherit_flag": false,
    "default_party_type_id": null,
    "default_access_flags": 0,
    "extended_attributes": null,
    "default_export_type": 0,
    "report_tree_shortcut_action": 0,
    "use_cache_execution": false,
    "is_cache_valid": null,
    "associated_reports": null
  },
  "Access": [
    {
      "content_id": "47078779-4a14-4414-9995-9841c662f34d",
      "parent_id": "2b85ff51-a221-488f-bbcb-2c31e45c8fa0",
      "party_type_id": 1,
      "party_id": null,
      "sort_order": 0,
      "access_flags": 1885,
      "child_inherits": false,
      "parentname": "DemoProj",
      "contentname": "BalancePerSub"
    }
  ]
}