{
  "Content": {
    "content_id": "53ef10b9-5d2f-4c09-9b85-72e779e61802",
    "content_type": 0,
    "report_type": 0,
    "content_attribute": null,
    "name": "OpenInvDummy",
    "description": "",
    "text_content": "<report>\n  <main>\n    <id>53ef10b9-5d2f-4c09-9b85-72e779e61802</id>\n    <report_name>OpenInvDummy</report_name>\n    <folder_name>Demo Proj</folder_name>\n    <folder_id>00000000-0000-0000-0000-000000000000</folder_id>\n    <version>1</version>\n    <type>Standard</type>\n    <sql_stmt />\n    <show_execute_form>False</show_execute_form>\n    <filter_execution_window>Default</filter_execution_window>\n    <fit_page_width>True</fit_page_width>\n    <suppress_formatting>False</suppress_formatting>\n    <report_tree_shortcut>0</report_tree_shortcut>\n    <output_mode>6</output_mode>\n    <prevent_output />\n    <page_size>Letter</page_size>\n    <page_orientation>Portrait</page_orientation>\n    <include_setup_info>No</include_setup_info>\n    <description />\n    <filter_description />\n    <show_grid>False</show_grid>\n    <pdf_template />\n    <embedded_pdf_template />\n    <simulate_pdf>True</simulate_pdf>\n    <no_data_render_type>ShowMessage</no_data_render_type>\n    <show_interactive_sorts>True</show_interactive_sorts>\n    <allow_column_hide>True</allow_column_hide>\n    <show_column_headers>True</show_column_headers>\n    <groups_on_separate_worksheets>False</groups_on_separate_worksheets>\n    <enable_cartesian_processing>Default</enable_cartesian_processing>\n    <visualization_report>false</visualization_report>\n    <use_cache_execution>false</use_cache_execution>\n    <excel_freeze_rows>1</excel_freeze_rows>\n    <excel_freeze_columns>1</excel_freeze_columns>\n    <excel_show_gridlines>True</excel_show_gridlines>\n    <suppressfiltersinterface>False</suppressfiltersinterface>\n    <suppresssortsinterface>False</suppresssortsinterface>\n    <row_range_limit>0</row_range_limit>\n  </main>\n  <entity>\n    <entity_name>mig_summary_recon_0</entity_name>\n    <group_by_flag>False</group_by_flag>\n  </entity>\n  <cell>\n    <id>1177409198</id>\n    <cell_text>check_id</cell_text>\n    <cell_type>text</cell_type>\n    <cell_row>0</cell_row>\n    <cell_col>0</cell_col>\n    <cell_horizontal_align>Right</cell_horizontal_align>\n    <wrap_text_flag>True</wrap_text_flag>\n    <font_name>Palatino Linotype</font_name>\n    <font_size>12</font_size>\n    <foreground_color>#474F61</foreground_color>\n    <background_color>#ECEDEF</background_color>\n  </cell>\n  <cell>\n    <id>1794436674</id>\n    <cell_text>bo_name</cell_text>\n    <cell_type>text</cell_type>\n    <cell_row>0</cell_row>\n    <cell_col>1</cell_col>\n    <wrap_text_flag>True</wrap_text_flag>\n    <font_name>Palatino Linotype</font_name>\n    <font_size>12</font_size>\n    <foreground_color>#474F61</foreground_color>\n    <background_color>#ECEDEF</background_color>\n  </cell>\n  <cell>\n    <id>473741865</id>\n    <cell_text>source_count</cell_text>\n    <cell_type>text</cell_type>\n    <cell_row>0</cell_row>\n    <cell_col>2</cell_col>\n    <cell_horizontal_align>Right</cell_horizontal_align>\n    <wrap_text_flag>True</wrap_text_flag>\n    <font_name>Palatino Linotype</font_name>\n    <font_size>12</font_size>\n    <foreground_color>#474F61</foreground_color>\n    <background_color>#ECEDEF</background_color>\n  </cell>\n  <cell>\n    <id>259163148</id>\n    <cell_text>target_count</cell_text>\n    <cell_type>text</cell_type>\n    <cell_row>0</cell_row>\n    <cell_col>3</cell_col>\n    <cell_horizontal_align>Right</cell_horizontal_align>\n    <wrap_text_flag>True</wrap_text_flag>\n    <font_name>Palatino Linotype</font_name>\n    <font_size>12</font_size>\n    <foreground_color>#474F61</foreground_color>\n    <background_color>#ECEDEF</background_color>\n  </cell>\n  <cell>\n    <id>1356957081</id>\n    <cell_text>rejected_count</cell_text>\n    <cell_type>text</cell_type>\n    <cell_row>0</cell_row>\n    <cell_col>4</cell_col>\n    <cell_horizontal_align>Right</cell_horizontal_align>\n    <wrap_text_flag>True</wrap_text_flag>\n    <font_name>Palatino Linotype</font_name>\n    <font_size>12</font_size>\n    <foreground_color>#474F61</foreground_color>\n    <background_color>#ECEDEF</background_color>\n  </cell>\n  <cell>\n    <id>315542103</id>\n    <cell_text>difference</cell_text>\n    <cell_type>text</cell_type>\n    <cell_row>0</cell_row>\n    <cell_col>5</cell_col>\n    <cell_horizontal_align>Right</cell_horizontal_align>\n    <wrap_text_flag>True</wrap_text_flag>\n    <font_name>Palatino Linotype</font_name>\n    <font_size>12</font_size>\n    <foreground_color>#474F61</foreground_color>\n    <background_color>#ECEDEF</background_color>\n  </cell>\n  <cell>\n    <id>1569992061</id>\n    <cell_text>bo_params</cell_text>\n    <cell_type>text</cell_type>\n    <cell_row>0</cell_row>\n    <cell_col>6</cell_col>\n    <wrap_text_flag>True</wrap_text_flag>\n    <font_name>Palatino Linotype</font_name>\n    <font_size>12</font_size>\n    <foreground_color>#474F61</foreground_color>\n    <background_color>#ECEDEF</background_color>\n  </cell>\n  <cell>\n    <id>841782578</id>\n    <cell_text>Total</cell_text>\n    <cell_type>text</cell_type>\n    <cell_row>1</cell_row>\n    <cell_col>0</cell_col>\n    <cell_horizontal_align>Right</cell_horizontal_align>\n    <wrap_text_flag>True</wrap_text_flag>\n    <font_name>Palatino Linotype</font_name>\n    <font_size>10</font_size>\n    <foreground_color>#474F61</foreground_color>\n    <background_color>#ECEDEF</background_color>\n  </cell>\n  <cell>\n    <id>855417457</id>\n    <cell_text />\n    <cell_type>text</cell_type>\n    <cell_row>1</cell_row>\n    <cell_col>1</cell_col>\n    <wrap_text_flag>True</wrap_text_flag>\n    <font_name>Palatino Linotype</font_name>\n    <font_size>10</font_size>\n    <foreground_color>#474F61</foreground_color>\n    <background_color>#ECEDEF</background_color>\n  </cell>\n  <cell>\n    <id>1935860891</id>\n    <cell_text>Total</cell_text>\n    <cell_type>text</cell_type>\n    <cell_row>1</cell_row>\n    <cell_col>2</cell_col>\n    <cell_horizontal_align>Right</cell_horizontal_align>\n    <wrap_text_flag>True</wrap_text_flag>\n    <font_name>Palatino Linotype</font_name>\n    <font_size>10</font_size>\n    <foreground_color>#474F61</foreground_color>\n    <background_color>#ECEDEF</background_color>\n  </cell>\n  <cell>\n    <id>202367047</id>\n    <cell_text>Total</cell_text>\n    <cell_type>text</cell_type>\n    <cell_row>1</cell_row>\n    <cell_col>3</cell_col>\n    <cell_horizontal_align>Right</cell_horizontal_align>\n    <wrap_text_flag>True</wrap_text_flag>\n    <font_name>Palatino Linotype</font_name>\n    <font_size>10</font_size>\n    <foreground_color>#474F61</foreground_color>\n    <background_color>#ECEDEF</background_color>\n  </cell>\n  <cell>\n    <id>1658494012</id>\n    <cell_text>Total</cell_text>\n    <cell_type>text</cell_type>\n    <cell_row>1</cell_row>\n    <cell_col>4</cell_col>\n    <cell_horizontal_align>Right</cell_horizontal_align>\n    <wrap_text_flag>True</wrap_text_flag>\n    <font_name>Palatino Linotype</font_name>\n    <font_size>10</font_size>\n    <foreground_color>#474F61</foreground_color>\n    <background_color>#ECEDEF</background_color>\n  </cell>\n  <cell>\n    <id>466507889</id>\n    <cell_text>Total</cell_text>\n    <cell_type>text</cell_type>\n    <cell_row>1</cell_row>\n    <cell_col>5</cell_col>\n    <cell_horizontal_align>Right</cell_horizontal_align>\n    <wrap_text_flag>True</wrap_text_flag>\n    <font_name>Palatino Linotype</font_name>\n    <font_size>10</font_size>\n    <foreground_color>#474F61</foreground_color>\n    <background_color>#ECEDEF</background_color>\n  </cell>\n  <cell>\n    <id>551272528</id>\n    <cell_text />\n    <cell_type>text</cell_type>\n    <cell_row>1</cell_row>\n    <cell_col>6</cell_col>\n    <wrap_text_flag>True</wrap_text_flag>\n    <font_name>Palatino Linotype</font_name>\n    <font_size>10</font_size>\n    <foreground_color>#474F61</foreground_color>\n    <background_color>#ECEDEF</background_color>\n  </cell>\n  <cell>\n    <id>1402378664</id>\n    <cell_text>mig_summary_recon_0.check_id</cell_text>\n    <cell_type>data</cell_type>\n    <cell_row>2</cell_row>\n    <cell_col>0</cell_col>\n    <cell_horizontal_align>Right</cell_horizontal_align>\n    <wrap_text_flag>True</wrap_text_flag>\n    <font_name>Palatino Linotype</font_name>\n    <font_size>12</font_size>\n    <border_top_width>1</border_top_width>\n    <border_top_color>#E5E6E7</border_top_color>\n    <foreground_color>#474F61</foreground_color>\n    <background_color>#FFFFFF</background_color>\n  </cell>\n  <cell>\n    <id>1577174497</id>\n    <cell_text>mig_summary_recon_0.bo_name</cell_text>\n    <cell_type>data</cell_type>\n    <cell_row>2</cell_row>\n    <cell_col>1</cell_col>\n    <wrap_text_flag>True</wrap_text_flag>\n    <font_name>Palatino Linotype</font_name>\n    <font_size>12</font_size>\n    <border_top_width>1</border_top_width>\n    <border_top_color>#E5E6E7</border_top_color>\n    <foreground_color>#474F61</foreground_color>\n    <background_color>#FFFFFF</background_color>\n  </cell>\n  <cell>\n    <id>1570971129</id>\n    <cell_text>mig_summary_recon_0.source_count</cell_text>\n    <cell_type>data</cell_type>\n    <cell_row>2</cell_row>\n    <cell_col>2</cell_col>\n    <cell_horizontal_align>Right</cell_horizontal_align>\n    <wrap_text_flag>True</wrap_text_flag>\n    <font_name>Palatino Linotype</font_name>\n    <font_size>12</font_size>\n    <border_top_width>1</border_top_width>\n    <border_top_color>#E5E6E7</border_top_color>\n    <foreground_color>#474F61</foreground_color>\n    <background_color>#FFFFFF</background_color>\n  </cell>\n  <cell>\n    <id>1886617389</id>\n    <cell_text>mig_summary_recon_0.target_count</cell_text>\n    <cell_type>data</cell_type>\n    <cell_row>2</cell_row>\n    <cell_col>3</cell_col>\n    <cell_horizontal_align>Right</cell_horizontal_align>\n    <wrap_text_flag>True</wrap_text_flag>\n    <font_name>Palatino Linotype</font_name>\n    <font_size>12</font_size>\n    <border_top_width>1</border_top_width>\n    <border_top_color>#E5E6E7</border_top_color>\n    <foreground_color>#474F61</foreground_color>\n    <background_color>#FFFFFF</background_color>\n  </cell>\n  <cell>\n    <id>1084389212</id>\n    <cell_text>mig_summary_recon_0.rejected_count</cell_text>\n    <cell_type>data</cell_type>\n    <cell_row>2</cell_row>\n    <cell_col>4</cell_col>\n    <cell_horizontal_align>Right</cell_horizontal_align>\n    <wrap_text_flag>True</wrap_text_flag>\n    <font_name>Palatino Linotype</font_name>\n    <font_size>12</font_size>\n    <border_top_width>1</border_top_width>\n    <border_top_color>#E5E6E7</border_top_color>\n    <foreground_color>#474F61</foreground_color>\n    <background_color>#FFFFFF</background_color>\n  </cell>\n  <cell>\n    <id>1245555558</id>\n    <cell_text>mig_summary_recon_0.difference</cell_text>\n    <cell_type>data</cell_type>\n    <cell_row>2</cell_row>\n    <cell_col>5</cell_col>\n    <cell_horizontal_align>Right</cell_horizontal_align>\n    <wrap_text_flag>True</wrap_text_flag>\n    <font_name>Palatino Linotype</font_name>\n    <font_size>12</font_size>\n    <border_top_width>1</border_top_width>\n    <border_top_color>#E5E6E7</border_top_color>\n    <foreground_color>#474F61</foreground_color>\n    <background_color>#FFFFFF</background_color>\n  </cell>\n  <cell>\n    <id>1718175082</id>\n    <cell_text>mig_summary_recon_0.bo_params</cell_text>\n    <cell_type>data</cell_type>\n    <cell_row>2</cell_row>\n    <cell_col>6</cell_col>\n    <wrap_text_flag>True</wrap_text_flag>\n    <font_name>Palatino Linotype</font_name>\n    <font_size>12</font_size>\n    <border_top_width>1</border_top_width>\n    <border_top_color>#E5E6E7</border_top_color>\n    <foreground_color>#474F61</foreground_color>\n    <background_color>#FFFFFF</background_color>\n  </cell>\n  <cell>\n    <id>505714581</id>\n    <cell_text>=aggsum({mig_summary_recon_0.check_id})</cell_text>\n    <cell_type>formula</cell_type>\n    <cell_row>3</cell_row>\n    <cell_col>0</cell_col>\n    <cell_horizontal_align>Right</cell_horizontal_align>\n    <wrap_text_flag>True</wrap_text_flag>\n    <font_name>Palatino Linotype</font_name>\n    <font_size>14</font_size>\n    <font_bold_flag>True</font_bold_flag>\n    <border_top_width>1</border_top_width>\n    <border_top_color>#8AA4E1</border_top_color>\n    <foreground_color>#474F61</foreground_color>\n    <background_color>#EDF2FD</background_color>\n  </cell>\n  <cell>\n    <id>917948173</id>\n    <cell_text xml:space=\"preserve\"> </cell_text>\n    <cell_type>text</cell_type>\n    <cell_row>3</cell_row>\n    <cell_col>1</cell_col>\n    <wrap_text_flag>True</wrap_text_flag>\n    <font_name>Palatino Linotype</font_name>\n    <font_size>14</font_size>\n    <font_bold_flag>True</font_bold_flag>\n    <border_top_width>1</border_top_width>\n    <border_top_color>#8AA4E1</border_top_color>\n    <foreground_color>#474F61</foreground_color>\n    <background_color>#EDF2FD</background_color>\n  </cell>\n  <cell>\n    <id>1808893076</id>\n    <cell_text>=aggsum({mig_summary_recon_0.source_count})</cell_text>\n    <cell_type>formula</cell_type>\n    <cell_row>3</cell_row>\n    <cell_col>2</cell_col>\n    <cell_horizontal_align>Right</cell_horizontal_align>\n    <wrap_text_flag>True</wrap_text_flag>\n    <font_name>Palatino Linotype</font_name>\n    <font_size>14</font_size>\n    <font_bold_flag>True</font_bold_flag>\n    <border_top_width>1</border_top_width>\n    <border_top_color>#8AA4E1</border_top_color>\n    <foreground_color>#474F61</foreground_color>\n    <background_color>#EDF2FD</background_color>\n  </cell>\n  <cell>\n    <id>194586103</id>\n    <cell_text>=aggsum({mig_summary_recon_0.target_count})</cell_text>\n    <cell_type>formula</cell_type>\n    <cell_row>3</cell_row>\n    <cell_col>3</cell_col>\n    <cell_horizontal_align>Right</cell_horizontal_align>\n    <wrap_text_flag>True</wrap_text_flag>\n    <font_name>Palatino Linotype</font_name>\n    <font_size>14</font_size>\n    <font_bold_flag>True</font_bold_flag>\n    <border_top_width>1</border_top_width>\n    <border_top_color>#8AA4E1</border_top_color>\n    <foreground_color>#474F61</foreground_color>\n    <background_color>#EDF2FD</background_color>\n  </cell>\n  <cell>\n    <id>146643735</id>\n    <cell_text>=aggsum({mig_summary_recon_0.rejected_count})</cell_text>\n    <cell_type>formula</cell_type>\n    <cell_row>3</cell_row>\n    <cell_col>4</cell_col>\n    <cell_horizontal_align>Right</cell_horizontal_align>\n    <wrap_text_flag>True</wrap_text_flag>\n    <font_name>Palatino Linotype</font_name>\n    <font_size>14</font_size>\n    <font_bold_flag>True</font_bold_flag>\n    <border_top_width>1</border_top_width>\n    <border_top_color>#8AA4E1</border_top_color>\n    <foreground_color>#474F61</foreground_color>\n    <background_color>#EDF2FD</background_color>\n  </cell>\n  <cell>\n    <id>1329640825</id>\n    <cell_text>=aggsum({mig_summary_recon_0.difference})</cell_text>\n    <cell_type>formula</cell_type>\n    <cell_row>3</cell_row>\n    <cell_col>5</cell_col>\n    <cell_horizontal_align>Right</cell_horizontal_align>\n    <wrap_text_flag>True</wrap_text_flag>\n    <font_name>Palatino Linotype</font_name>\n    <font_size>14</font_size>\n    <font_bold_flag>True</font_bold_flag>\n    <border_top_width>1</border_top_width>\n    <border_top_color>#8AA4E1</border_top_color>\n    <foreground_color>#474F61</foreground_color>\n    <background_color>#EDF2FD</background_color>\n  </cell>\n  <cell>\n    <id>1302336586</id>\n    <cell_text xml:space=\"preserve\"> </cell_text>\n    <cell_type>text</cell_type>\n    <cell_row>3</cell_row>\n    <cell_col>6</cell_col>\n    <wrap_text_flag>True</wrap_text_flag>\n    <font_name>Palatino Linotype</font_name>\n    <font_size>14</font_size>\n    <font_bold_flag>True</font_bold_flag>\n    <border_top_width>1</border_top_width>\n    <border_top_color>#8AA4E1</border_top_color>\n    <foreground_color>#474F61</foreground_color>\n    <background_color>#EDF2FD</background_color>\n  </cell>\n  <row>\n    <group_type>Page Header</group_type>\n  </row>\n  <row>\n    <group_type>Page Header</group_type>\n  </row>\n  <row>\n    <group_type>Detail</group_type>\n  </row>\n  <row>\n    <group_type>Report Footer</group_type>\n  </row>\n  <column>\n    <column_width>150</column_width>\n    <column_label>check_id</column_label>\n  </column>\n  <column>\n    <column_width>150</column_width>\n    <column_label>bo_name</column_label>\n  </column>\n  <column>\n    <column_width>150</column_width>\n    <column_label>source_count</column_label>\n  </column>\n  <column>\n    <column_width>150</column_width>\n    <column_label>target_count</column_label>\n  </column>\n  <column>\n    <column_width>150</column_width>\n    <column_label>rejected_count</column_label>\n  </column>\n  <column>\n    <column_width>150</column_width>\n    <column_label>difference</column_label>\n  </column>\n  <column>\n    <column_width>150</column_width>\n    <column_label>bo_params</column_label>\n  </column>\n  <dynamicfilters />\n</report>",
    "bit_content": null,
    "deleted_flag": true,
    "created_date": "2021-10-07T06:21:52",
    "created_by": "user",
    "modified_date": "2021-10-07T06:22:29",
    "modified_by": "user",
    "owner_id": "",
    "exports_allowed": 31,
    "inherit_flag": false,
    "default_party_type_id": null,
    "default_access_flags": 0,
    "extended_attributes": null,
    "default_export_type": 0,
    "report_tree_shortcut_action": 0,
    "use_cache_execution": false,
    "is_cache_valid": null,
    "associated_reports": null
  },
  "Access": [
    {
      "content_id": "53ef10b9-5d2f-4c09-9b85-72e779e61802",
      "parent_id": "2b85ff51-a221-488f-bbcb-2c31e45c8fa0",
      "party_type_id": 1,
      "party_id": null,
      "sort_order": 0,
      "access_flags": 1885,
      "child_inherits": false,
      "parentname": "DemoProj",
      "contentname": "OpenInvDummy"
    }
  ]
}