{
  "Content": {
    "content_id": "eaf80f1e-7d4d-4a4d-b94d-b54fd33e0850",
    "content_type": 0,
    "report_type": 0,
    "content_attribute": null,
    "name": "InvoicesList",
    "description": null,
    "text_content": "<report>\n  <main>\n    <id>eaf80f1e-7d4d-4a4d-b94d-b54fd33e0850</id>\n    <report_name>InvoicesList</report_name>\n    <folder_name>DemoProj</folder_name>\n    <folder_id>2b85ff51-a221-488f-bbcb-2c31e45c8fa0</folder_id>\n    <version>1</version>\n    <type>Standard</type>\n    <sql_stmt />\n    <show_execute_form>False</show_execute_form>\n    <filter_execution_window>Default</filter_execution_window>\n    <fit_page_width>False</fit_page_width>\n    <suppress_formatting>False</suppress_formatting>\n    <report_tree_shortcut>0</report_tree_shortcut>\n    <output_mode>6</output_mode>\n    <prevent_output />\n    <page_size>Letter</page_size>\n    <page_orientation>Portrait</page_orientation>\n    <include_setup_info>No</include_setup_info>\n    <description />\n    <filter_description />\n    <show_grid>False</show_grid>\n    <pdf_template />\n    <embedded_pdf_template />\n    <simulate_pdf>True</simulate_pdf>\n    <no_data_render_type>ShowMessage</no_data_render_type>\n    <show_interactive_sorts>True</show_interactive_sorts>\n    <allow_column_hide>True</allow_column_hide>\n    <show_column_headers>True</show_column_headers>\n    <groups_on_separate_worksheets>False</groups_on_separate_worksheets>\n    <enable_cartesian_processing>Default</enable_cartesian_processing>\n    <visualization_report>false</visualization_report>\n    <use_cache_execution>false</use_cache_execution>\n    <excel_freeze_rows>1</excel_freeze_rows>\n    <excel_freeze_columns>1</excel_freeze_columns>\n    <excel_show_gridlines>True</excel_show_gridlines>\n    <suppressfiltersinterface>False</suppressfiltersinterface>\n    <suppresssortsinterface>False</suppresssortsinterface>\n    <row_range_limit>0</row_range_limit>\n  </main>\n  <entity>\n    <entity_name>CONTRACT_2</entity_name>\n    <group_by_flag>False</group_by_flag>\n  </entity>\n  <entity>\n    <entity_name>CUSTOMER_2</entity_name>\n    <group_by_flag>False</group_by_flag>\n  </entity>\n  <entity>\n    <entity_name>INVOICE_2</entity_name>\n    <group_by_flag>False</group_by_flag>\n  </entity>\n  <entity>\n    <entity_name>SUBSCRIBER_2</entity_name>\n    <group_by_flag>False</group_by_flag>\n  </entity>\n  <cell>\n    <id>1647530986</id>\n    <cell_text>Invoices List</cell_text>\n    <cell_type>text</cell_type>\n    <cell_row>0</cell_row>\n    <cell_col>0</cell_col>\n    <cell_horizontal_align>Center</cell_horizontal_align>\n    <cell_colspan>6</cell_colspan>\n    <wrap_text_flag>True</wrap_text_flag>\n    <font_name>Roboto</font_name>\n    <font_size>19</font_size>\n    <font_bold_flag>True</font_bold_flag>\n    <foreground_color>#1483F3</foreground_color>\n  </cell>\n  <cell>\n    <id>1876403261</id>\n    <cell_text />\n    <cell_type>text</cell_type>\n    <cell_row>1</cell_row>\n    <cell_col>0</cell_col>\n    <cell_colspan>5</cell_colspan>\n    <wrap_text_flag>True</wrap_text_flag>\n    <font_name>Palatino Linotype</font_name>\n    <font_size>11</font_size>\n  </cell>\n  <cell>\n    <id>1328607612</id>\n    <cell_text>Subscriber ID</cell_text>\n    <cell_type>text</cell_type>\n    <cell_row>2</cell_row>\n    <cell_col>0</cell_col>\n    <cell_horizontal_align>Center</cell_horizontal_align>\n    <wrap_text_flag>True</wrap_text_flag>\n    <font_name>Roboto</font_name>\n    <font_size>13</font_size>\n    <foreground_color>#FFFFFF</foreground_color>\n    <background_color>#2E2E2E</background_color>\n  </cell>\n  <cell>\n    <id>138046240</id>\n    <cell_text>Invoice ID</cell_text>\n    <cell_type>text</cell_type>\n    <cell_row>2</cell_row>\n    <cell_col>1</cell_col>\n    <cell_horizontal_align>Center</cell_horizontal_align>\n    <wrap_text_flag>True</wrap_text_flag>\n    <font_name>Roboto</font_name>\n    <font_size>13</font_size>\n    <foreground_color>#FFFFFF</foreground_color>\n    <background_color>#2E2E2E</background_color>\n  </cell>\n  <cell>\n    <id>485082039</id>\n    <cell_text>Issued On</cell_text>\n    <cell_type>text</cell_type>\n    <cell_row>2</cell_row>\n    <cell_col>2</cell_col>\n    <cell_horizontal_align>Center</cell_horizontal_align>\n    <wrap_text_flag>True</wrap_text_flag>\n    <font_name>Roboto</font_name>\n    <font_size>13</font_size>\n    <foreground_color>#FFFFFF</foreground_color>\n    <background_color>#2E2E2E</background_color>\n  </cell>\n  <cell>\n    <id>975347293</id>\n    <cell_text>Balance</cell_text>\n    <cell_type>text</cell_type>\n    <cell_row>2</cell_row>\n    <cell_col>3</cell_col>\n    <cell_horizontal_align>Center</cell_horizontal_align>\n    <wrap_text_flag>True</wrap_text_flag>\n    <font_name>Roboto</font_name>\n    <font_size>13</font_size>\n    <foreground_color>#FFFFFF</foreground_color>\n    <background_color>#2E2E2E</background_color>\n  </cell>\n  <cell>\n    <id>1181260736</id>\n    <cell_text>Status</cell_text>\n    <cell_type>text</cell_type>\n    <cell_row>2</cell_row>\n    <cell_col>4</cell_col>\n    <cell_horizontal_align>Center</cell_horizontal_align>\n    <wrap_text_flag>True</wrap_text_flag>\n    <font_name>Roboto</font_name>\n    <font_size>13</font_size>\n    <foreground_color>#FFFFFF</foreground_color>\n    <background_color>#2E2E2E</background_color>\n  </cell>\n  <cell>\n    <id>1648470843</id>\n    <cell_text>Due Date</cell_text>\n    <cell_type>text</cell_type>\n    <cell_row>2</cell_row>\n    <cell_col>5</cell_col>\n    <cell_horizontal_align>Center</cell_horizontal_align>\n    <wrap_text_flag>True</wrap_text_flag>\n    <font_name>Roboto</font_name>\n    <font_size>13</font_size>\n    <foreground_color>#FFFFFF</foreground_color>\n    <background_color>#2E2E2E</background_color>\n  </cell>\n  <cell>\n    <id>279185155</id>\n    <cell_text>INVOICE_2.SUBSCRIBER_ID</cell_text>\n    <cell_type>data</cell_type>\n    <cell_row>3</cell_row>\n    <cell_col>0</cell_col>\n    <cell_horizontal_align>Center</cell_horizontal_align>\n    <wrap_text_flag>True</wrap_text_flag>\n    <font_name>Roboto</font_name>\n    <font_size>13</font_size>\n    <border_top_width>1</border_top_width>\n    <border_bottom_width>1</border_bottom_width>\n    <border_left_width>1</border_left_width>\n    <border_right_width>1</border_right_width>\n    <border_top_color>#F2F2F2</border_top_color>\n    <border_bottom_color>#F2F2F2</border_bottom_color>\n    <border_left_color>#F2F2F2</border_left_color>\n    <border_right_color>#F2F2F2</border_right_color>\n    <foreground_color>#2E2E2E</foreground_color>\n  </cell>\n  <cell>\n    <id>182031697</id>\n    <cell_text>INVOICE_2.INVOICE_ID</cell_text>\n    <cell_type>data</cell_type>\n    <cell_row>3</cell_row>\n    <cell_col>1</cell_col>\n    <cell_horizontal_align>Center</cell_horizontal_align>\n    <wrap_text_flag>True</wrap_text_flag>\n    <font_name>Roboto</font_name>\n    <font_size>13</font_size>\n    <border_top_width>1</border_top_width>\n    <border_bottom_width>1</border_bottom_width>\n    <border_left_width>1</border_left_width>\n    <border_right_width>1</border_right_width>\n    <border_top_color>#F2F2F2</border_top_color>\n    <border_bottom_color>#F2F2F2</border_bottom_color>\n    <border_left_color>#F2F2F2</border_left_color>\n    <border_right_color>#F2F2F2</border_right_color>\n    <foreground_color>#2E2E2E</foreground_color>\n  </cell>\n  <cell>\n    <id>1079184563</id>\n    <cell_text>INVOICE_2.ISSUED_DATE</cell_text>\n    <cell_type>data</cell_type>\n    <cell_row>3</cell_row>\n    <cell_col>2</cell_col>\n    <cell_horizontal_align>Center</cell_horizontal_align>\n    <wrap_text_flag>True</wrap_text_flag>\n    <font_name>Roboto</font_name>\n    <font_size>13</font_size>\n    <format_type>Date</format_type>\n    <format_date_time>M/d/yyyy</format_date_time>\n    <border_top_width>1</border_top_width>\n    <border_bottom_width>1</border_bottom_width>\n    <border_left_width>1</border_left_width>\n    <border_right_width>1</border_right_width>\n    <border_top_color>#F2F2F2</border_top_color>\n    <border_bottom_color>#F2F2F2</border_bottom_color>\n    <border_left_color>#F2F2F2</border_left_color>\n    <border_right_color>#F2F2F2</border_right_color>\n    <foreground_color>#2E2E2E</foreground_color>\n  </cell>\n  <cell>\n    <id>1901658486</id>\n    <cell_text>INVOICE_2.BALANCE</cell_text>\n    <cell_type>data</cell_type>\n    <cell_row>3</cell_row>\n    <cell_col>3</cell_col>\n    <cell_horizontal_align>Center</cell_horizontal_align>\n    <wrap_text_flag>True</wrap_text_flag>\n    <font_name>Roboto</font_name>\n    <font_size>13</font_size>\n    <format_type>Number</format_type>\n    <format_currency_flag>True</format_currency_flag>\n    <format_negative_symbol_flag>True</format_negative_symbol_flag>\n    <border_top_width>1</border_top_width>\n    <border_bottom_width>1</border_bottom_width>\n    <border_left_width>1</border_left_width>\n    <border_right_width>1</border_right_width>\n    <border_top_color>#F2F2F2</border_top_color>\n    <border_bottom_color>#F2F2F2</border_bottom_color>\n    <border_left_color>#F2F2F2</border_left_color>\n    <border_right_color>#F2F2F2</border_right_color>\n    <foreground_color>#2E2E2E</foreground_color>\n  </cell>\n  <cell>\n    <id>1366797760</id>\n    <cell_text>INVOICE_2.STATUS</cell_text>\n    <cell_type>data</cell_type>\n    <cell_row>3</cell_row>\n    <cell_col>4</cell_col>\n    <cell_horizontal_align>Center</cell_horizontal_align>\n    <wrap_text_flag>True</wrap_text_flag>\n    <font_name>Roboto</font_name>\n    <font_size>13</font_size>\n    <border_top_width>1</border_top_width>\n    <border_bottom_width>1</border_bottom_width>\n    <border_left_width>1</border_left_width>\n    <border_right_width>1</border_right_width>\n    <border_top_color>#F2F2F2</border_top_color>\n    <border_bottom_color>#F2F2F2</border_bottom_color>\n    <border_left_color>#F2F2F2</border_left_color>\n    <border_right_color>#F2F2F2</border_right_color>\n    <foreground_color>#2E2E2E</foreground_color>\n  </cell>\n  <cell>\n    <id>51446086</id>\n    <cell_text>INVOICE_2.DUE_DATE</cell_text>\n    <cell_type>data</cell_type>\n    <cell_row>3</cell_row>\n    <cell_col>5</cell_col>\n    <cell_horizontal_align>Center</cell_horizontal_align>\n    <wrap_text_flag>True</wrap_text_flag>\n    <font_name>Roboto</font_name>\n    <font_size>13</font_size>\n    <format_type>Date</format_type>\n    <format_date_time>M/d/yyyy</format_date_time>\n    <border_top_width>1</border_top_width>\n    <border_bottom_width>1</border_bottom_width>\n    <border_left_width>1</border_left_width>\n    <border_right_width>1</border_right_width>\n    <border_top_color>#F2F2F2</border_top_color>\n    <border_bottom_color>#F2F2F2</border_bottom_color>\n    <border_left_color>#F2F2F2</border_left_color>\n    <border_right_color>#F2F2F2</border_right_color>\n    <foreground_color>#2E2E2E</foreground_color>\n  </cell>\n  <row>\n    <group_type>Page Header</group_type>\n  </row>\n  <row>\n    <group_type>Page Header</group_type>\n    <row_height>10</row_height>\n  </row>\n  <row>\n    <group_type>Page Header</group_type>\n    <row_height>50</row_height>\n  </row>\n  <row>\n    <group_type>Detail</group_type>\n    <row_height>50</row_height>\n  </row>\n  <row>\n    <group_type>Page Footer</group_type>\n  </row>\n  <column>\n    <column_width>125</column_width>\n  </column>\n  <column>\n    <column_width>121</column_width>\n  </column>\n  <column>\n    <column_width>147</column_width>\n  </column>\n  <column>\n    <column_width>143</column_width>\n  </column>\n  <column>\n    <column_width>119</column_width>\n  </column>\n  <column>\n    <column_width>147</column_width>\n  </column>\n  <join>\n    <affinity>Global</affinity>\n    <entity_from_name>CONTRACT_2</entity_from_name>\n    <entity_to_name>SUBSCRIBER_2</entity_to_name>\n    <entity_from_id>CONTRACT_2</entity_from_id>\n    <entity_to_id>SUBSCRIBER_2</entity_to_id>\n    <join_type>inner</join_type>\n    <relation_type>11</relation_type>\n    <weight>0</weight>\n    <key>\n      <col_from_name>CONTRACT_ID</col_from_name>\n      <col_to_name>SUBSCRIBER_ID</col_to_name>\n    </key>\n    <clause>\n      <left_side>CONTRACT_ID</left_side>\n      <left_side_type>Column</left_side_type>\n      <comparison>EQ</comparison>\n      <right_side>SUBSCRIBER_ID</right_side>\n      <right_side_type>Column</right_side_type>\n      <conjunction>AND</conjunction>\n      <level>0</level>\n    </clause>\n  </join>\n  <join>\n    <affinity>Global</affinity>\n    <entity_from_name>CUSTOMER_2</entity_from_name>\n    <entity_to_name>CONTRACT_2</entity_to_name>\n    <entity_from_id>CUSTOMER_2</entity_from_id>\n    <entity_to_id>CONTRACT_2</entity_to_id>\n    <join_type>inner</join_type>\n    <relation_type>1M</relation_type>\n    <weight>0</weight>\n    <key>\n      <col_from_name>CUSTOMER_ID</col_from_name>\n      <col_to_name>CUSTOMER_ID</col_to_name>\n    </key>\n    <clause>\n      <left_side>CUSTOMER_ID</left_side>\n      <left_side_type>Column</left_side_type>\n      <comparison>EQ</comparison>\n      <right_side>CUSTOMER_ID</right_side>\n      <right_side_type>Column</right_side_type>\n      <conjunction>AND</conjunction>\n      <level>0</level>\n    </clause>\n  </join>\n  <join>\n    <affinity>Global</affinity>\n    <entity_from_name>SUBSCRIBER_2</entity_from_name>\n    <entity_to_name>INVOICE_2</entity_to_name>\n    <entity_from_id>SUBSCRIBER_2</entity_from_id>\n    <entity_to_id>INVOICE_2</entity_to_id>\n    <join_type>leftouter</join_type>\n    <relation_type>1M</relation_type>\n    <weight>0</weight>\n    <key>\n      <col_from_name>SUBSCRIBER_ID</col_from_name>\n      <col_to_name>SUBSCRIBER_ID</col_to_name>\n    </key>\n    <clause>\n      <left_side>SUBSCRIBER_ID</left_side>\n      <left_side_type>Column</left_side_type>\n      <comparison>EQ</comparison>\n      <right_side>SUBSCRIBER_ID</right_side>\n      <right_side_type>Column</right_side_type>\n      <conjunction>AND</conjunction>\n      <level>0</level>\n    </clause>\n  </join>\n  <filter>\n    <filter_name>CUSTOMER_2.CUSTOMER_ID</filter_name>\n    <order_num>0</order_num>\n    <operator>=</operator>\n    <prompt_flag>False</prompt_flag>\n    <and_flag>True</and_flag>\n    <group_with_next_flag>False</group_with_next_flag>\n    <filter_ref_id>1207531887</filter_ref_id>\n    <filter_title />\n    <values>\n      <value>@customer_id@</value>\n    </values>\n  </filter>\n  <topn>\n    <action>top</action>\n    <use_topn_item>False</use_topn_item>\n    <num_items>10</num_items>\n    <cellId>-1</cellId>\n    <direction>asc</direction>\n  </topn>\n  <dynamicfilters />\n</report>",
    "bit_content": null,
    "deleted_flag": false,
    "created_date": "2021-10-18T12:50:38",
    "created_by": "user",
    "modified_date": "2021-12-01T10:11:47",
    "modified_by": "admin",
    "owner_id": "",
    "exports_allowed": 31,
    "inherit_flag": false,
    "default_party_type_id": null,
    "default_access_flags": 0,
    "extended_attributes": null,
    "default_export_type": 0,
    "report_tree_shortcut_action": 0,
    "use_cache_execution": false,
    "is_cache_valid": null,
    "associated_reports": null
  },
  "Access": [
    {
      "content_id": "eaf80f1e-7d4d-4a4d-b94d-b54fd33e0850",
      "parent_id": "2b85ff51-a221-488f-bbcb-2c31e45c8fa0",
      "party_type_id": 1,
      "party_id": null,
      "sort_order": 0,
      "access_flags": 1885,
      "child_inherits": false,
      "parentname": "DemoProj",
      "contentname": "InvoicesList"
    }
  ]
}