{
  "SourceDb": {
    "DbType": "SQLite",
    "DbProvider": "SQLite",
    "ConnectionString": "Data Source=/opt/apps/exago/Config/StorageMgmt.sqlite",
    "TablePrefix": null
  },
  "TargetDb": {
    "DbType": "PostgreSQL",
    "DbProvider": "Devart.Data.PostgreSql",
    "ConnectionString": "Server=<host>; Port=5432; Database=StorageMgmt; User Id=<user>; Password=<password>",
    "TablePrefix": "<table prefix>"
  },
  "JsonDirectory": "Json",
  "FieldSpecification": null,
  "BlockList": [
	"KB_FABRIC_PROJECT",
	"Public",
	"My Reports"
	],
  "AllowList": null,
  "AutoMatch":  null
}