{
  "SourceDb": {
    "DbType": "SQLite",
    "DbProvider": "SQLite",
    "ConnectionString": "Data Source=/opt/apps/exago/Config/StorageMgmt.sqlite",
    "TablePrefix": "demo_"
  },
  "TargetDb": {
    "DbType": "SQLite",
    "DbProvider": "SQLite",
    "ConnectionString": "Data Source=/opt/apps/exago/Config/StorageMgmt.sqlite",
    "TablePrefix": null
  },
  "JsonDirectory": "Json",
  "FieldSpecification": null,
  "BlockList": [
    "Public",
    "My Reports"
  ],
  "AllowList": null,
  "AutoMatch": [
    "Public",
    "My Reports"
  ]
}